name,surname,address,phone_number,email,IP_address,IBAN_number,credit_card_number,cvv,expiration_date,password
Veronica Bettoni,Iannelli,"Via Tullio, 443 Appartamento 79, 33047, Cerneglons (UD)",+1-544-780-4058,williamslarry@example.net,206.159.10.253,GB26KEFG96106223505426,4204235960980,593,08/26,52cpc9cB^P0Sg0+
Giulietta Leone,Dunlap,"723 Baxter Crescent Apt. 221, Cainport, LA 17347",556.507.7901x1323,persicofederica@example.net,141.178.134.110,IT19C6561605117999761023426,4508195107375419104,160,09/28,D7&rBrk5*qmR3uCx1B5b_s
Sabrina Jimenez,Alfonsi,"Rotonda Stoppani, 2, 01016, Lido Di Tarquinia (VT)",247-348-5664x64573,sharon78@example.org,147.119.1.62,GB51QQMK25789465272821,377183821040531,532,10/33,x#xnS7_i^c%9uKfl^TPd
Paloma Antonello,Ponce,"6848 Stephen Islands, West Steven, ID 61688",2253054270,giusepperaurica@example.com,35.134.243.173,GB70CUKA54669522911404,6011177718203300,455,08/30,57FbtD5@$Uk3
Sig.ra Lolita Vigliotti,Jackson,"9923 Adams Hollow Suite 589, Nicholsland, OH 63839",+39 08840071098,johnsonlinda@example.com,205.169.110.162,GB16JTIE95690691796772,4156020678161,060,03/31,_549V^4v%*1ulMJMfaKd
Luca Filogamo,Smith,"0226 Berry Crescent, North Kathleen, AZ 49342",467-821-5496,bellocchioveronica@example.org,171.218.19.170,GB15BWWU48329313635145,30308581561850,396,09/33,mJLv%rD0+2)h9FGeUU!twGe
Franco Goldoni-Borromini,Infantino,"4460 Julie Canyon Suite 165, Lewisburgh, VT 32852",660-603-1708x87453,paride63@example.org,194.74.129.97,GB20ZKNT66806594888958,3506244011348932,050,10/29,k+PdrF1bylAeOGqx5Wm2IV
Gina Hansen,Avogadro,"Viale Rita, 82 Piano 7, 03018, Paliano (FR)",795.823.1002x8572,ricolfigianpaolo@example.com,170.81.73.58,IT75W6562962666326908499687,4495297935335014,808,03/34,)Z0zI!qyj^Zs%Yi52MiNA
Ana Miller,Moore,"Viale Peruzzi, 779, 28865, Preglia (VB)",0862796219,gfagotto@example.net,212.44.216.91,GB64EAET67382819312297,6011556915176817,096,07/34,v5AI@as#+C5
Lisa Holmes,Jones,"Viale Patrizia, 5 Appartamento 19, 81025, Cantone (CE)",+39 3716146053,qdavis@example.net,7.237.217.19,IT84L5166936247283263749431,4621385062772,465,11/32,Z3EwtGb!UNVffjrX&NQ8T3Hm
Sig.ra Giada Gilardoni,Allen,"Borgo Montecchi, 667, 27030, Sant'Angelo Lomellina (PV)",(744)574-3112x59471,hhughes@example.org,218.135.117.190,GB92UBMK73127906103914,4156861662796373,187,09/27,$6D1YdGKy*)Q
Fabrizia Morellato,Trobbiani,"294 Gilbert Greens Apt. 860, Petersonbury, ND 09234",03455746692,garciasean@example.net,186.210.120.211,IT97E0486060489780262055700,4038491230159237,8588,05/26,pC2zTthlx&2
Sig. Maurilio Impastato,Williams,"099 Samuel Tunnel, New Cynthia, KS 32781",+39 032147299,dawn10@example.org,222.118.185.20,GB42IDWB69227079239152,30334442941933,8531,08/33,v&d25)GJFUZ8eRA*bMLQf&ds24D
Giacobbe Grossi,Migliaccio,"30537 Donaldson Cove, Richmondborough, WA 73011",(760)795-4429,imontgomery@example.org,141.118.102.216,IT75K7814523565777151773877,5472182658947753,646,05/27,)e@(a!vjEYpoWqh@l#AZ4
Pompeo Panzera,Terragni,"624 Diane Village, North Kelly, GU 69513",001-630-356-6099x85565,christopher13@example.com,153.26.171.107,IT82R7750205937915283619771,2271768184999159,972,04/27,!UPk97Resqr
Stephanie Houston,Hammond,"Incrocio Micheletto, 448 Appartamento 58, 26823, Castiglione D'Adda (LO)",306.881.6055,gianfrancescoserraglio@example.com,220.11.181.153,GB26QRYE94216847619429,3504055040103375,021,07/27,^yf)g^b18WX+#VcY67gyZN_f0l
Melissa Brown,Colletti,"Rotonda Trombetta, 98, 34149, Cattinara (TS)",001-428-641-1769x07727,cudaserafina@example.net,201.10.111.39,IT91E1136947289978749516776,6011025779842443,052,04/27,zi7Td!p@s$UenIzEyXJrGr+U
Gloria Allen,Toninelli,"4311 Guzman Locks Apt. 274, South Kristen, LA 82397",+39 08197866992,raffaellinofittipaldi@example.net,138.30.157.32,IT64C7657168243047598444298,30080453296226,369,06/25,!WTB&BNs6t!2Wq2PN&GI4PZX
Liliana Gasperi-Serao,Riley,"523 Andrew Village Apt. 022, Lake Matthew, PR 96830",001-378-593-3134x033,ugarcia@example.com,206.4.40.155,GB08IQOZ48327151440535,676181712644,915,11/33,y7gDtFn_##7hI
Dott. Raffaella Dallapé,Smith,"Incrocio Alessia, 87 Appartamento 8, 00192, Roma (RM)",351644741,laura14@example.org,13.249.112.65,GB40KHDE93784010463930,4168141238177382,542,08/28,%KcP16ib974lUV^I8aVr*IMGd0
Maura Dulbecco-Campano,Mozart,"91897 Jay Crest Suite 073, Solisburgh, CO 51637",3311788204,bernardotencalla@example.com,8.74.231.26,IT93Z6713508466389172219050,4172766129798,4997,09/29,_Kj5+PiExn4W
Rembrandt Battelli,Ginese,"Stretto Augusto, 7 Appartamento 15, 39018, Vilpiano (BZ)",+39 0522996469,ingramjames@example.com,165.179.23.221,IT78C6351675393863438525068,4265169529085982,666,09/26,Y1p*5qc#1HNN6cId3ANZ%h^
Bettina Pagliaro,Lanfranchi,"15705 Emily Hills, Port Robynview, IA 85733",(350)432-6326x09781,bartolidonna@example.net,149.107.221.1,GB48BLEX52109382973159,30416064338595,081,12/27,$rMaS52S9zk&iv5^71%Q8#66p
Gioacchino Mondadori,Golden,"Canale Ruggero, 699 Appartamento 59, 80034, Lausdomini (NA)",076105419,mariana26@example.com,207.161.125.119,GB63MRMB91332643741273,4340574701846490,922,10/29,@kMQ*Gm%jWTI3NH2AitvS4s13yy
Jaime Chavez,Williams,"Vicolo Benedetti, 6 Piano 0, 10037, Torrazza Piemonte (TO)",(766)681-5403,jonesgabrielle@example.com,82.222.210.50,GB97HEUM34984788341220,4708855147865111,958,03/29,K30B9Yw%32o5PAfd%B!y
Orlando Borzomì,Davidson,"Incrocio Matteo, 0, 63833, Piane Di Montegiorgio (FM)",(787)384-5109x986,ippazioforza@example.com,42.178.210.229,GB83LMIF29953643078500,3568292085706324,233,08/33,pahROZkx&w1WMk_
Ronnie Scott,Carroll,"Unit 3965 Box 7065, DPO AE 63788",+39 09416077326,wernermatthew@example.com,57.54.153.190,IT87O6497289952277784815127,379048412841282,755,10/33,BCP88iwo5KKBCcZ8El(pz9
Mark Rhodes,Scaduto,"Strada Boccioni, 292, 02010, Cittareale (RI)",001-627-636-1665x4407,xcipolla@example.com,200.92.65.124,GB76WDLE74437030541598,4201115844607031,970,05/33,X$wr4xf8gx8ZCsp2t
Giacomo Pisano,Trombetta,"Piazza Vittoria, 918 Appartamento 33, 80042, Boscotrecase (NA)",+1-431-433-2628,filippa40@example.org,192.48.175.69,IT80Z4738879849245472508494,3570230524060917,017,02/29,9LhoFrtk(kFgk
Dawn Tran,Casaleggio,"Vicolo Anguillara, 29, 65125, Pescara Colli (PE)",+39 03964698876,adamsjames@example.net,173.100.28.143,GB50KQRC67704452446901,4215865722276,087,05/32,wdpvt6pm@OzGi7vMSF7R
Sandra Howell,Leach,"234 Green Stream Apt. 835, New Lindseyville, VT 15915",+39 0974477570,christymann@example.com,143.4.237.243,IT69C6600856529061093108965,3589868538043269,640,04/30,n%7YY8jd0xtdKkxN)g2d+6C^4
Courtney Kemp,Mahoney,"Piazza Benvenuto, 96 Piano 3, 06084, Passaggio (PG)",(996)924-0919x674,xscarfoglio@example.net,184.213.255.11,IT12Q0307105866776807695067,4241983534063555,929,04/29,0*w23RYg*(XK
Sean Rivera,Thomas,"4149 Paul Unions, Smithton, AS 81639",+39 057457697,matthewsmith@example.net,204.86.174.41,IT82Y5153220655490238639550,2246864874375768,045,04/25,PWE^6Al8qJo
April Krueger,Giunti,"22143 Vaughn Rue Apt. 412, Sharonburgh, DE 29873",505-613-2382x525,greenkristine@example.com,113.114.58.163,IT16R7180536643629032168948,3547048838914623,837,05/32,*8hFYd8y+GDM_n
Alfredo Cavanna,Antonioni,"Contrada Melissa, 89 Appartamento 21, 89063, Caredia (RC)",0578995714,christopherwright@example.org,109.241.166.243,GB35INNU13011186377599,4795053936590116,171,06/27,ws)#4ewH4rD!Z*Ssg&C
Brandi Mayer,Gangemi,"Viale Sauro, 33, 17019, Casanova (SV)",3501000316,kroman@example.net,151.2.4.225,IT76H4580983071749588312087,3590437935903033,543,08/31,O@xS&cny5M1&8!1qWj(JrCb0uhj
Margherita Orengo,Gordon,"Canale Giovanna, 0 Appartamento 2, 10088, Volpiano (TO)",890-403-6063,hartjennifer@example.org,95.28.105.0,GB12HFNP34064076214960,3518311140204199,488,01/32,(t0AATlwHR6+Ge)#)
Wanda Walton,Piovani,"Contrada Surian, 970 Appartamento 73, 23841, Annone Di Brianza (LC)",001-296-803-3628x40279,wilsonkathryn@example.com,18.196.203.124,IT57P2177011777775163257522,3589015416770510,384,09/32,Phx2I$m&_mZmdjyb
Samuel Lambert,Manolesso,"Strada Capuana, 87 Appartamento 4, 10014, Vallo (TO)",37103944635,geronimopuglisi@example.net,33.123.22.185,GB14ICGU87803633973110,180060963654534,682,04/30,5T8j4und8uWiH9RY)
Dott. Armando Murri,Hunter,"Stretto Ciampi, 27, 63846, Monte Giberto (FM)",512-370-3296,dfrench@example.org,129.80.4.249,GB38XBMP09436745590711,502008610839,102,09/34,!h40ydk560kWAFHL#x
Eva Trentini,Gray,"747 Crawford Knoll Suite 273, Gutierrezton, PW 41822",+1-818-406-4476,dina93@example.com,116.236.241.211,IT40X2421333555641582615705,3586665456105051,700,04/28,y5J5KbNp#2o
Nicola Baglioni,Clarke,"20969 Tran Stravenue Suite 806, East Laura, AZ 92897",001-990-258-7427x197,germanafantini@example.com,200.1.107.239,IT43R3516884966492307779014,213186247478662,356,08/30,&9DiOdv4nuy
Mary Kane PhD,Salieri,"52569 Johnson Run, Port Joannburgh, WY 26493",3511165308,medicigirolamo@example.net,191.254.12.8,GB42LOKV69532921600682,4768259880831725990,762,04/31,amD0JNTjH%GEBl
Victor Hansen,Larsen,"USNV Perkins, FPO AA 78660",968.839.3527x33131,uovadia@example.com,201.78.123.122,GB94MPGB80386666541963,4179266490910126,389,10/32,q^ohw@NdqmoSRzWK!53B!HGWb
Pietro Fo,Gemito,"Borgo Accardo, 518 Appartamento 6, 56034, Casciana Terme (PI)",03760071301,domenico71@example.com,199.93.208.208,GB42MQJB96223797587867,4327707594043083,447,11/31,y1)QvndsyXXhuSLf(@hu)*yo
Ugolino Campanella,Reid,"Viale Troisi, 40 Piano 5, 00024, Castel Madama (RM)",+39 3783360150,robertoniggli@example.net,192.227.6.9,GB58FBVV46703275679366,4653434221562,140,01/27,)7QWiF2nN7y
Teresa Orsini,Serao,"Viale Norbiato, 7, 10042, Stupinigi (TO)",694.686.2961,qhowe@example.net,49.165.5.233,IT67K8107677168334704809010,3550679091210715,8190,01/30,cW*8Cg5%r^woHBWD#C9A9l
Romeo Corcos,Santorio,"Contrada Eva, 616 Piano 1, 21100, Masnago (VA)",+39 0411878742,bacosifederica@example.net,182.109.113.248,IT25L4436827026845971215559,370392703671373,005,01/26,wUKc#U7w#VxPH9row$)@*^
Nichole Elliott MD,Hawkins,"Piazza Giuliana, 19 Appartamento 35, 48012, Glorie (RA)",075048271,ascamarcio@example.com,74.170.17.206,IT63O4132797596879794561612,4543632224210050,283,09/29,25!R63NV+O_mNa^sx
Alexander Smith,Morris,"63539 Scott Extension, Michellebury, WY 56091",+39 014158027,kbonomo@example.org,55.11.245.231,GB03FYQH30877063542617,4332082065666603,565,11/32,q%NIE$&zHeq7xArGp7kBQiV
Anna Perez,Armellini,"Viale Orlando, 62, 42045, Luzzara (RE)",057487222,gtaccola@example.org,161.249.23.131,GB13OOZL24168024691034,639041563185,653,12/33,8H(aYqmu&G+JtxI@8FE12%ze
Frederick Dunn,Detti,"Rotonda Alboni, 1, 20872, Colnago (MB)",073603251,melinasperi@example.com,221.222.133.26,IT42M2795811421562353628321,2229991585501357,557,01/32,Z$@T78o4xsN$fN
Antonella Pizzamano,Guidone,"020 Curtis Stravenue Apt. 144, Jenningsstad, WV 88773",+39 35121150780,bsmith@example.org,207.205.188.57,GB48CXPM11992402614286,180091700892749,471,04/33,RVYsaido)5L#UtvVgQUQ5$(oM9
Brian Miller,Leone,"727 Ricardo Point, Port James, NY 09696",331154780,bruno07@example.net,106.49.22.44,GB80QXII78362200603781,3597761121762025,992,01/29,j0R(E5o8$BKjh_
Christina Moran,Giannotti,"Borgo Pisano, 144 Appartamento 5, 23876, Monticello Brianza (LC)",096383719,lodovicobramante@example.org,193.223.199.195,GB93OUZP92740008803590,213182941590480,132,04/33,K)zHcZ&aXk7ZShq
Jason Walker,Bartoli,"665 Gray Prairie, West Stacyhaven, PW 51435",04614066459,anavarro@example.org,53.70.171.167,GB13ISWB17274773511312,501884933844,989,08/25,%g)7i@*SC^1e!Hc
Dr. Raymond Zamora,Marquez,"9908 Armstrong Pass Suite 176, Palmertown, MD 20355",+1-505-675-4480x89681,dakotawhite@example.com,221.213.141.147,IT42F3342226903533580904561,6011607745841409,6465,05/27,+j45jG3H7W!2Mlw*
Stephen Graves,Ward,"2138 Taylor Plaza Suite 184, East Thomas, MT 38921",+39 042140279,donatellodulbecco@example.com,222.75.44.149,GB65HPVK16133090146265,573450398827,445,06/33,!YA$H3eZ&avbqx@b1T
Graziella Nievo,Smith,"Unit 8076 Box 0043, DPO AP 09204",012361520,chiappettamichela@example.org,193.80.105.149,IT38P1971090742302523188799,3596063606017061,702,06/31,9!0rl)W74%LmcdhTIMvEw
Felicia Crawford,Cibin,"Unit 8774 Box 7623, DPO AE 45883",05475057555,ralexander@example.org,207.157.222.165,GB76WGQO27804579199902,3594857018119817,423,06/27,NoeHx*Cn^++7AFlNaOS*U4A$
Olivia Farley,Petersen,"Incrocio Gioachino, 345, 87022, San Filippo (CS)",001-317-884-0493,rolando16@example.com,149.111.144.208,IT28A0271513072526895157621,3535316365786852,539,11/30,#%8M59Nq(E5
Antonietta Modugno,Caetani,"Viale Altera, 791 Piano 5, 24016, Santa Croce (BG)",3539448722,gilbertopezzali@example.com,178.162.77.246,IT40Q2071226783343484473967,180055773729120,143,09/31,(@I9a!Q3LzP_ExXM#+Tu*yMwJyx
Danielle Waller,Canil,"55835 Sheri Creek Apt. 670, Andrewside, WV 15760",3431198444,zminiati@example.com,30.68.185.187,IT36K9019323702958814601682,4215209485647184,1198,11/25,+bHj3OKe%z1nZ$sn+DL%Yv3^1J
Amy Fields,Gonzalez,"965 Catherine Course, Weeksville, VA 05355",0341781347,waltertaylor@example.com,220.73.246.13,GB97MLDC83513699152434,6501287252132638,351,02/32,d5GC!(s#^tM
Brian Robertson,Donati,"25669 Herrera Oval Apt. 596, Jamesbury, FL 79935",+39 0950815048,mercedes85@example.org,177.170.41.201,IT72Q0836506633495637531077,3504821643846490,842,01/28,t!8x#FHjyavl*gViYozM0d*S&
Ryan Ellison,Crosby,"Vicolo Sebastiano, 29 Piano 0, 25035, Ospitaletto (BS)",430.954.1474x3173,flloyd@example.net,22.215.73.13,IT27U5248821323677061840739,4613100598293040,012,07/27,@WjEOBTd%1EufM
Jillian Horton,Perkins,"Incrocio Cesaroni, 470 Piano 8, 56124, Pisa (PI)",+39 0861593088,stewartmelissa@example.org,86.198.241.80,IT26C5027632312122951326324,30194837190094,039,03/27,(mztV!U5(mBI)rjDma8(UhdzsA
Giampaolo Brugnaro,Staglieno,"USNV Gonzalez, FPO AA 85034",+1-442-422-6597x03838,lgonzalez@example.com,222.176.132.225,IT33D0844037750692331062532,676245329013,363,10/32,W2ZblDUz(KF
Michael Welch,Jackson,"Piazza Vanessa, 85 Appartamento 6, 41055, Iola (MO)",395-381-1994x82955,smithcrystal@example.com,148.198.158.2,IT31P4780449518201196927290,6011232323480999,159,06/26,oMm9M0o%ciO9Ls8FI+
Patty Mitchell,Torres,"Canale Ivan, 2 Piano 3, 83021, Avella (AV)",001-466-311-0950x2075,kramsey@example.net,12.97.63.67,IT61U9474155622894724075260,4340107517670,707,07/26,xJg%UDKPcinVCcuJl5o0SWYn$
Baccio Lettiere,Corradi,"Vicolo Adelmo, 60, 84070, Stella Cilento (SA)",+39 07942943928,hgolino@example.com,209.7.161.92,GB60ZIQJ02573461813263,2717406252888440,485,08/31,(2jcPjqlg0QOP
Renata Ficino,Cesaroni,"Via Biagio, 42, 70054, Giovinazzo (BA)",(378)499-1443,keithstout@example.org,210.12.189.76,GB37TAVB15646781367057,3583632943434208,886,11/30,+fbmSJktl^Jc#474Z
Brenda Stephens,Dallara,"3625 Gutierrez Oval, West Johnmouth, IL 31495",743.229.6828x938,liliana64@example.org,4.70.121.161,GB55RIVT85910648250016,6011817752967274,222,09/29,pB84v$UqV%B^13Da
Adriana Sagredo,Alvarado,"Unit 5567 Box 1300, DPO AE 28037",0123909949,irmafogazzaro@example.org,48.134.83.60,IT18J1927658568204279841908,6542006664981452,922,10/29,7AxH821r86c3BCsFuKS(Qe
Dott. Marcantonio Armellini,Brown,"Via Priscilla, 783 Piano 5, 09034, Villasor (CA)",446-376-6854,boezioviridiana@example.net,211.21.133.68,IT53T8606163246510647969531,4623698921009,800,08/28,lDN9%#3p7ZXJbIQlm!kv!wN
Nicole Newman,Rossetti,"5088 Moyer Ways Apt. 546, Smithfurt, RI 19670",244-823-0697x376,csaragat@example.com,76.198.18.152,GB34XLOB68063246055190,675992372002,625,01/28,wJyEsY#b9*c4Hd
Lisa Manning,Montalti,"Vicolo Guglielmo, 50, 14034, Castello Di Annone (AT)",0731517464,aaron17@example.com,164.134.96.193,IT75R0016021061226013816682,4887235477916771,211,05/30,w@_b2hSt&DX5depSPotzs9(ju6D
Billy Davis,Robertson,"Incrocio Maurilio, 9, 63068, Patrignone (AP)",+1-284-502-1523,jennifer59@example.com,106.229.165.187,IT37J2635999237082817339671,4895246370055872,641,09/33,dfT(LJ8tHz9_8M
Bethany Hinton,Blasi,"Incrocio Morricone, 9, 62010, Casette Verdini (MC)",+39 09421787832,janet07@example.net,51.111.78.76,IT05D0674441358699950542494,568454205929,627,01/26,QyWrsXk2k%nS0rH3_0Q_)p@^
Lauren Smith,Burgess,"Via Paulina, 3 Appartamento 2, 87100, Donnici Superiore (CS)",001-299-294-5922x870,zpizzo@example.org,116.219.46.34,IT42W2357764335210804933898,3567713931748922,139,01/28,)0_FsicDVRD0tI
Ryan Vance,Jacobson,"Borgo Ornella, 2, 81049, San Pietro Infine (CE)",+1-957-838-8500,traettaagostino@example.net,180.46.162.209,IT25E4551755959237777511785,4164602410390675,756,08/25,&XB&jdQ2^9xoff@hvjrDQ
Daria Dandolo,Romero,"330 Amanda Run Suite 366, West Joeview, OK 72860",+39 3404187640,serena77@example.org,195.19.49.56,GB68KVIJ92755855344281,342766222464649,657,06/32,oI8tEq$vm!(D
Bob Nelson,Scott,"Piazza Vittadello, 74 Appartamento 32, 84061, Finocchito (SA)",622.513.0380,coreythompson@example.com,104.54.151.121,GB35RKEA05376462853483,4003850337595211530,741,02/31,Z@q_Ykcsn431R)uW
Armando Bompiani,Singh,"Borgo Abatantuono, 2, 06064, Panicale (PG)",4263370174,holly62@example.net,158.27.33.171,GB05EEPC36142128274077,4712006162495,291,10/33,0%t*RHYsS+dm7$uDmBDQ
Kathryn Marshall,Monti,"01898 Stanley Inlet Suite 153, Pamelaville, MS 70038",5952836969,tylergreene@example.net,53.239.62.77,IT37I2550343104267630286354,38923185453411,895,06/28,!Ig#IwIz0K*f2S
Adam Mayo,Canetta,"Incrocio Scarpetta, 7, 20053, Rodano (MI)",35122321037,nrose@example.org,104.134.51.42,IT29J5926324676196744885793,675940796468,925,12/31,rLU9!6RsiB)0QCE1u
Sherri Cox,Griffith,"Piazza Schiaparelli, 80, 20867, Caponago (MB)",747-906-7924x2174,qjones@example.net,144.92.38.94,IT55E6110916003522706249009,3500424044466036,068,08/25,x1Wb9ABmuRX6U^QAli
Angela Hunter,Monteverdi,"376 Cindy Union, Brownstad, GU 32526",0761689207,mlancisi@example.net,76.88.28.236,IT86X5100766390078013861630,5272374809248148,892,05/29,H)#C2bddd#&DuCnD*805TnUuJHb
Sig. Danilo Marzorati,Mazzini,"864 Ball Meadow, Andrewville, NY 13901",001-400-411-5640x149,lzabarella@example.org,213.153.144.88,GB31KWAP84093009918660,502079488883,5266,05/27,ynW828hOfvo(FyVl_i)
James Allen,Aldobrandi,"190 Adam Lake, Zoeville, AR 84503",012546247,shannon66@example.net,199.207.239.120,GB98NJFJ86112572781300,4243036963010965,273,07/29,#b7uMA%hkKgYHdj^4
Gioachino Foà,Schaefer,"264 Long Valley Apt. 572, Garciaborough, SC 44626",+39 351253263,dino77@example.org,16.83.160.153,IT95G7781109966775930266162,2271893416832646,985,09/29,!6Y1JZOo)aN&MIBw%pSSB(D7+4
Ashley Smith,Evans,"563 Lopez Turnpike, North Ronald, VI 12031",621-895-2624,brooksmaurice@example.com,135.127.91.64,GB02ATMZ91545839406641,2251592308423019,916,06/25,L9DbzxPz$4qZb#gSv1QFHH
Jennifer Kidd,Lippomano,"9540 Debra Flat Suite 902, Lake Melissa, GA 20301",3770332730,jolandagiannetti@example.org,191.193.248.253,IT65J4172679517729378921972,3564901814850146,348,09/26,rLOIj1V4L$K*wLcy1y)
Tiffany Castillo,Sims,"Canale Broschi, 80, 10068, Villafranca Piemonte (TO)",755-915-5815,majewskiosvaldo@example.net,197.93.184.111,GB61ZEWA00134690564044,4779731118595926,352,04/25,*+5E66Z3fidyg%o5uuciJEH+cIK
Krystal Johnson,Barbarigo,"Contrada Germana, 421, 40137, Bologna (BO)",001-856-594-2192,vittoriagabba@example.net,185.241.222.96,IT79J8424466527312621073151,4457900973432256,022,06/25,(2(4)aeK@$PZ&mM
Dott. Rosina Grossi,Gaiatto,"62747 Hill Extension, North Daniel, KS 53210",774.673.1266,flaviacurci@example.com,209.147.30.78,IT33I8867639133624848945435,2706374525451557,102,07/28,#93iYUWc^(h
Sig.ra Ilaria Pulci,Comolli,"5549 James Spring, South Phillip, MD 76510",(472)634-1251x501,zmiller@example.org,173.124.146.114,GB34AQYG31494319974486,345307545251129,221,04/33,(3L(^u#qQpf8MIg#*N
Jennifer Brown,Bartlett,"322 Andrew Lock, North Steven, IN 48789",32735092753,annamariaborromini@example.com,167.32.20.157,GB26QTVL16210308938811,4270359251179631,684,07/26,*+^Z(0IvqGIN(
Monica Martinez,King,"52342 James Centers Apt. 097, West Elizabeth, PA 41230",001-570-902-6607x60754,sbrunello@example.org,219.101.86.153,IT67W3779136867795535548767,3518732376747629,031,04/27,C*PjyV_z2fDE3RA5@5j)Z
Travis Shaw,Wright,"Borgo Virgilio, 97, 10074, Lanzo Torinese (TO)",259.394.4835x538,mario50@example.org,125.110.125.40,GB35SXVX83223999799147,2272782645625716,822,03/29,rzAVm#3!2PuVZsn!z@3427
