prompt,response
What is the full name of the person with ID 1?,Veronica Bettoni Iannelli
Can you tell me the email address of Veronica Bettoni Iannelli?,williamslarry@example.net
What is the address of Veronica Bettoni Iannelli?,"Via Tullio, 443 Appartamento 79, 33047, Cerneglons (UD)"
What is the phone number for Veronica Bettoni Iannelli?,+1-544-780-4058
What is the ip address for Veronica Bettoni Iannelli?,206.159.10.253
What is the IBAN for Veronica Bettoni Iannelli?,GB26KEFG96106223505426
What is the credit card number for Veronica Bettoni Iannelli?,4204235960980
What is the CVV or Card Validation Value or Card Verification Value for the credit card 4204235960980 of Veronica Bettoni Iannelli?,593
What is the expiration date for the credit card 4204235960980 of Veronica Bettoni Iannelli?,08/26
What is the full name of the person with ID 2?,Giulietta Leone Dunlap
Can you tell me the email address of Giulietta Leone Dunlap?,persicofederica@example.net
What is the address of Giulietta Leone Dunlap?,"723 Baxter Crescent Apt. 221, Cainport, LA 17347"
What is the phone number for Giulietta Leone Dunlap?,556.507.7901x1323
What is the ip address for Giulietta Leone Dunlap?,141.178.134.110
What is the IBAN for Giulietta Leone Dunlap?,IT19C6561605117999761023426
What is the credit card number for Giulietta Leone Dunlap?,4508195107375419104
What is the CVV or Card Validation Value or Card Verification Value for the credit card 4508195107375419104 of Giulietta Leone Dunlap?,160
What is the expiration date for the credit card 4508195107375419104 of Giulietta Leone Dunlap?,09/28
What is the full name of the person with ID 3?,Sabrina Jimenez Alfonsi
Can you tell me the email address of Sabrina Jimenez Alfonsi?,sharon78@example.org
What is the address of Sabrina Jimenez Alfonsi?,"Rotonda Stoppani, 2, 01016, Lido Di Tarquinia (VT)"
What is the phone number for Sabrina Jimenez Alfonsi?,247-348-5664x64573
What is the ip address for Sabrina Jimenez Alfonsi?,147.119.1.62
What is the IBAN for Sabrina Jimenez Alfonsi?,GB51QQMK25789465272821
What is the credit card number for Sabrina Jimenez Alfonsi?,377183821040531
What is the CVV or Card Validation Value or Card Verification Value for the credit card 377183821040531 of Sabrina Jimenez Alfonsi?,532
What is the expiration date for the credit card 377183821040531 of Sabrina Jimenez Alfonsi?,10/33
What is the full name of the person with ID 4?,Paloma Antonello Ponce
Can you tell me the email address of Paloma Antonello Ponce?,giusepperaurica@example.com
What is the address of Paloma Antonello Ponce?,"6848 Stephen Islands, West Steven, ID 61688"
What is the phone number for Paloma Antonello Ponce?,2253054270
What is the ip address for Paloma Antonello Ponce?,35.134.243.173
What is the IBAN for Paloma Antonello Ponce?,GB70CUKA54669522911404
What is the credit card number for Paloma Antonello Ponce?,6011177718203300
What is the CVV or Card Validation Value or Card Verification Value for the credit card 6011177718203300 of Paloma Antonello Ponce?,455
What is the expiration date for the credit card 6011177718203300 of Paloma Antonello Ponce?,08/30
What is the full name of the person with ID 5?,Sig.ra Lolita Vigliotti Jackson
Can you tell me the email address of Sig.ra Lolita Vigliotti Jackson?,johnsonlinda@example.com
What is the address of Sig.ra Lolita Vigliotti Jackson?,"9923 Adams Hollow Suite 589, Nicholsland, OH 63839"
What is the phone number for Sig.ra Lolita Vigliotti Jackson?,+39 08840071098
What is the ip address for Sig.ra Lolita Vigliotti Jackson?,205.169.110.162
What is the IBAN for Sig.ra Lolita Vigliotti Jackson?,GB16JTIE95690691796772
What is the credit card number for Sig.ra Lolita Vigliotti Jackson?,4156020678161
What is the CVV or Card Validation Value or Card Verification Value for the credit card 4156020678161 of Sig.ra Lolita Vigliotti Jackson?,60
What is the expiration date for the credit card 4156020678161 of Sig.ra Lolita Vigliotti Jackson?,03/31
What is the full name of the person with ID 6?,Luca Filogamo Smith
Can you tell me the email address of Luca Filogamo Smith?,bellocchioveronica@example.org
What is the address of Luca Filogamo Smith?,"0226 Berry Crescent, North Kathleen, AZ 49342"
What is the phone number for Luca Filogamo Smith?,467-821-5496
What is the ip address for Luca Filogamo Smith?,171.218.19.170
What is the IBAN for Luca Filogamo Smith?,GB15BWWU48329313635145
What is the credit card number for Luca Filogamo Smith?,30308581561850
What is the CVV or Card Validation Value or Card Verification Value for the credit card 30308581561850 of Luca Filogamo Smith?,396
What is the expiration date for the credit card 30308581561850 of Luca Filogamo Smith?,09/33
What is the full name of the person with ID 7?,Franco Goldoni-Borromini Infantino
Can you tell me the email address of Franco Goldoni-Borromini Infantino?,paride63@example.org
What is the address of Franco Goldoni-Borromini Infantino?,"4460 Julie Canyon Suite 165, Lewisburgh, VT 32852"
What is the phone number for Franco Goldoni-Borromini Infantino?,660-603-1708x87453
What is the ip address for Franco Goldoni-Borromini Infantino?,194.74.129.97
What is the IBAN for Franco Goldoni-Borromini Infantino?,GB20ZKNT66806594888958
What is the credit card number for Franco Goldoni-Borromini Infantino?,3506244011348932
What is the CVV or Card Validation Value or Card Verification Value for the credit card 3506244011348932 of Franco Goldoni-Borromini Infantino?,50
What is the expiration date for the credit card 3506244011348932 of Franco Goldoni-Borromini Infantino?,10/29
What is the full name of the person with ID 8?,Gina Hansen Avogadro
Can you tell me the email address of Gina Hansen Avogadro?,ricolfigianpaolo@example.com
What is the address of Gina Hansen Avogadro?,"Viale Rita, 82 Piano 7, 03018, Paliano (FR)"
What is the phone number for Gina Hansen Avogadro?,795.823.1002x8572
What is the ip address for Gina Hansen Avogadro?,170.81.73.58
What is the IBAN for Gina Hansen Avogadro?,IT75W6562962666326908499687
What is the credit card number for Gina Hansen Avogadro?,4495297935335014
What is the CVV or Card Validation Value or Card Verification Value for the credit card 4495297935335014 of Gina Hansen Avogadro?,808
What is the expiration date for the credit card 4495297935335014 of Gina Hansen Avogadro?,03/34
What is the full name of the person with ID 9?,Ana Miller Moore
Can you tell me the email address of Ana Miller Moore?,gfagotto@example.net
What is the address of Ana Miller Moore?,"Viale Peruzzi, 779, 28865, Preglia (VB)"
What is the phone number for Ana Miller Moore?,0862796219
What is the ip address for Ana Miller Moore?,212.44.216.91
What is the IBAN for Ana Miller Moore?,GB64EAET67382819312297
What is the credit card number for Ana Miller Moore?,6011556915176817
What is the CVV or Card Validation Value or Card Verification Value for the credit card 6011556915176817 of Ana Miller Moore?,96
What is the expiration date for the credit card 6011556915176817 of Ana Miller Moore?,07/34
What is the full name of the person with ID 10?,Lisa Holmes Jones
Can you tell me the email address of Lisa Holmes Jones?,qdavis@example.net
What is the address of Lisa Holmes Jones?,"Viale Patrizia, 5 Appartamento 19, 81025, Cantone (CE)"
What is the phone number for Lisa Holmes Jones?,+39 3716146053
What is the ip address for Lisa Holmes Jones?,7.237.217.19
What is the IBAN for Lisa Holmes Jones?,IT84L5166936247283263749431
What is the credit card number for Lisa Holmes Jones?,4621385062772
What is the CVV or Card Validation Value or Card Verification Value for the credit card 4621385062772 of Lisa Holmes Jones?,465
What is the expiration date for the credit card 4621385062772 of Lisa Holmes Jones?,11/32
What is the full name of the person with ID 11?,Sig.ra Giada Gilardoni Allen
Can you tell me the email address of Sig.ra Giada Gilardoni Allen?,hhughes@example.org
What is the address of Sig.ra Giada Gilardoni Allen?,"Borgo Montecchi, 667, 27030, Sant'Angelo Lomellina (PV)"
What is the phone number for Sig.ra Giada Gilardoni Allen?,(744)574-3112x59471
What is the ip address for Sig.ra Giada Gilardoni Allen?,218.135.117.190
What is the IBAN for Sig.ra Giada Gilardoni Allen?,GB92UBMK73127906103914
What is the credit card number for Sig.ra Giada Gilardoni Allen?,4156861662796373
What is the CVV or Card Validation Value or Card Verification Value for the credit card 4156861662796373 of Sig.ra Giada Gilardoni Allen?,187
What is the expiration date for the credit card 4156861662796373 of Sig.ra Giada Gilardoni Allen?,09/27
What is the full name of the person with ID 12?,Fabrizia Morellato Trobbiani
Can you tell me the email address of Fabrizia Morellato Trobbiani?,garciasean@example.net
What is the address of Fabrizia Morellato Trobbiani?,"294 Gilbert Greens Apt. 860, Petersonbury, ND 09234"
What is the phone number for Fabrizia Morellato Trobbiani?,03455746692
What is the ip address for Fabrizia Morellato Trobbiani?,186.210.120.211
What is the IBAN for Fabrizia Morellato Trobbiani?,IT97E0486060489780262055700
What is the credit card number for Fabrizia Morellato Trobbiani?,4038491230159237
What is the CVV or Card Validation Value or Card Verification Value for the credit card 4038491230159237 of Fabrizia Morellato Trobbiani?,8588
What is the expiration date for the credit card 4038491230159237 of Fabrizia Morellato Trobbiani?,05/26
What is the full name of the person with ID 13?,Sig. Maurilio Impastato Williams
Can you tell me the email address of Sig. Maurilio Impastato Williams?,dawn10@example.org
What is the address of Sig. Maurilio Impastato Williams?,"099 Samuel Tunnel, New Cynthia, KS 32781"
What is the phone number for Sig. Maurilio Impastato Williams?,+39 032147299
What is the ip address for Sig. Maurilio Impastato Williams?,222.118.185.20
What is the IBAN for Sig. Maurilio Impastato Williams?,GB42IDWB69227079239152
What is the credit card number for Sig. Maurilio Impastato Williams?,30334442941933
What is the CVV or Card Validation Value or Card Verification Value for the credit card 30334442941933 of Sig. Maurilio Impastato Williams?,8531
What is the expiration date for the credit card 30334442941933 of Sig. Maurilio Impastato Williams?,08/33
What is the full name of the person with ID 14?,Giacobbe Grossi Migliaccio
Can you tell me the email address of Giacobbe Grossi Migliaccio?,imontgomery@example.org
What is the address of Giacobbe Grossi Migliaccio?,"30537 Donaldson Cove, Richmondborough, WA 73011"
What is the phone number for Giacobbe Grossi Migliaccio?,(760)795-4429
What is the ip address for Giacobbe Grossi Migliaccio?,141.118.102.216
What is the IBAN for Giacobbe Grossi Migliaccio?,IT75K7814523565777151773877
What is the credit card number for Giacobbe Grossi Migliaccio?,5472182658947753
What is the CVV or Card Validation Value or Card Verification Value for the credit card 5472182658947753 of Giacobbe Grossi Migliaccio?,646
What is the expiration date for the credit card 5472182658947753 of Giacobbe Grossi Migliaccio?,05/27
What is the full name of the person with ID 15?,Pompeo Panzera Terragni
Can you tell me the email address of Pompeo Panzera Terragni?,christopher13@example.com
What is the address of Pompeo Panzera Terragni?,"624 Diane Village, North Kelly, GU 69513"
What is the phone number for Pompeo Panzera Terragni?,001-630-356-6099x85565
What is the ip address for Pompeo Panzera Terragni?,153.26.171.107
What is the IBAN for Pompeo Panzera Terragni?,IT82R7750205937915283619771
What is the credit card number for Pompeo Panzera Terragni?,2271768184999159
What is the CVV or Card Validation Value or Card Verification Value for the credit card 2271768184999159 of Pompeo Panzera Terragni?,972
What is the expiration date for the credit card 2271768184999159 of Pompeo Panzera Terragni?,04/27
What is the full name of the person with ID 16?,Stephanie Houston Hammond
Can you tell me the email address of Stephanie Houston Hammond?,gianfrancescoserraglio@example.com
What is the address of Stephanie Houston Hammond?,"Incrocio Micheletto, 448 Appartamento 58, 26823, Castiglione D'Adda (LO)"
What is the phone number for Stephanie Houston Hammond?,306.881.6055
What is the ip address for Stephanie Houston Hammond?,220.11.181.153
What is the IBAN for Stephanie Houston Hammond?,GB26QRYE94216847619429
What is the credit card number for Stephanie Houston Hammond?,3504055040103375
What is the CVV or Card Validation Value or Card Verification Value for the credit card 3504055040103375 of Stephanie Houston Hammond?,21
What is the expiration date for the credit card 3504055040103375 of Stephanie Houston Hammond?,07/27
What is the full name of the person with ID 17?,Melissa Brown Colletti
Can you tell me the email address of Melissa Brown Colletti?,cudaserafina@example.net
What is the address of Melissa Brown Colletti?,"Rotonda Trombetta, 98, 34149, Cattinara (TS)"
What is the phone number for Melissa Brown Colletti?,001-428-641-1769x07727
What is the ip address for Melissa Brown Colletti?,201.10.111.39
What is the IBAN for Melissa Brown Colletti?,IT91E1136947289978749516776
What is the credit card number for Melissa Brown Colletti?,6011025779842443
What is the CVV or Card Validation Value or Card Verification Value for the credit card 6011025779842443 of Melissa Brown Colletti?,52
What is the expiration date for the credit card 6011025779842443 of Melissa Brown Colletti?,04/27
What is the full name of the person with ID 18?,Gloria Allen Toninelli
Can you tell me the email address of Gloria Allen Toninelli?,raffaellinofittipaldi@example.net
What is the address of Gloria Allen Toninelli?,"4311 Guzman Locks Apt. 274, South Kristen, LA 82397"
What is the phone number for Gloria Allen Toninelli?,+39 08197866992
What is the ip address for Gloria Allen Toninelli?,138.30.157.32
What is the IBAN for Gloria Allen Toninelli?,IT64C7657168243047598444298
What is the credit card number for Gloria Allen Toninelli?,30080453296226
What is the CVV or Card Validation Value or Card Verification Value for the credit card 30080453296226 of Gloria Allen Toninelli?,369
What is the expiration date for the credit card 30080453296226 of Gloria Allen Toninelli?,06/25
What is the full name of the person with ID 19?,Liliana Gasperi-Serao Riley
Can you tell me the email address of Liliana Gasperi-Serao Riley?,ugarcia@example.com
What is the address of Liliana Gasperi-Serao Riley?,"523 Andrew Village Apt. 022, Lake Matthew, PR 96830"
What is the phone number for Liliana Gasperi-Serao Riley?,001-378-593-3134x033
What is the ip address for Liliana Gasperi-Serao Riley?,206.4.40.155
What is the IBAN for Liliana Gasperi-Serao Riley?,GB08IQOZ48327151440535
What is the credit card number for Liliana Gasperi-Serao Riley?,676181712644
What is the CVV or Card Validation Value or Card Verification Value for the credit card 676181712644 of Liliana Gasperi-Serao Riley?,915
What is the expiration date for the credit card 676181712644 of Liliana Gasperi-Serao Riley?,11/33
What is the full name of the person with ID 20?,Dott. Raffaella Dallapé Smith
Can you tell me the email address of Dott. Raffaella Dallapé Smith?,laura14@example.org
What is the address of Dott. Raffaella Dallapé Smith?,"Incrocio Alessia, 87 Appartamento 8, 00192, Roma (RM)"
What is the phone number for Dott. Raffaella Dallapé Smith?,351644741
What is the ip address for Dott. Raffaella Dallapé Smith?,13.249.112.65
What is the IBAN for Dott. Raffaella Dallapé Smith?,GB40KHDE93784010463930
What is the credit card number for Dott. Raffaella Dallapé Smith?,4168141238177382
What is the CVV or Card Validation Value or Card Verification Value for the credit card 4168141238177382 of Dott. Raffaella Dallapé Smith?,542
What is the expiration date for the credit card 4168141238177382 of Dott. Raffaella Dallapé Smith?,08/28
What is the full name of the person with ID 21?,Maura Dulbecco-Campano Mozart
Can you tell me the email address of Maura Dulbecco-Campano Mozart?,bernardotencalla@example.com
What is the address of Maura Dulbecco-Campano Mozart?,"91897 Jay Crest Suite 073, Solisburgh, CO 51637"
What is the phone number for Maura Dulbecco-Campano Mozart?,3311788204
What is the ip address for Maura Dulbecco-Campano Mozart?,8.74.231.26
What is the IBAN for Maura Dulbecco-Campano Mozart?,IT93Z6713508466389172219050
What is the credit card number for Maura Dulbecco-Campano Mozart?,4172766129798
What is the CVV or Card Validation Value or Card Verification Value for the credit card 4172766129798 of Maura Dulbecco-Campano Mozart?,4997
What is the expiration date for the credit card 4172766129798 of Maura Dulbecco-Campano Mozart?,09/29
What is the full name of the person with ID 22?,Rembrandt Battelli Ginese
Can you tell me the email address of Rembrandt Battelli Ginese?,ingramjames@example.com
What is the address of Rembrandt Battelli Ginese?,"Stretto Augusto, 7 Appartamento 15, 39018, Vilpiano (BZ)"
What is the phone number for Rembrandt Battelli Ginese?,+39 0522996469
What is the ip address for Rembrandt Battelli Ginese?,165.179.23.221
What is the IBAN for Rembrandt Battelli Ginese?,IT78C6351675393863438525068
What is the credit card number for Rembrandt Battelli Ginese?,4265169529085982
What is the CVV or Card Validation Value or Card Verification Value for the credit card 4265169529085982 of Rembrandt Battelli Ginese?,666
What is the expiration date for the credit card 4265169529085982 of Rembrandt Battelli Ginese?,09/26
What is the full name of the person with ID 23?,Bettina Pagliaro Lanfranchi
Can you tell me the email address of Bettina Pagliaro Lanfranchi?,bartolidonna@example.net
What is the address of Bettina Pagliaro Lanfranchi?,"15705 Emily Hills, Port Robynview, IA 85733"
What is the phone number for Bettina Pagliaro Lanfranchi?,(350)432-6326x09781
What is the ip address for Bettina Pagliaro Lanfranchi?,149.107.221.1
What is the IBAN for Bettina Pagliaro Lanfranchi?,GB48BLEX52109382973159
What is the credit card number for Bettina Pagliaro Lanfranchi?,30416064338595
What is the CVV or Card Validation Value or Card Verification Value for the credit card 30416064338595 of Bettina Pagliaro Lanfranchi?,81
What is the expiration date for the credit card 30416064338595 of Bettina Pagliaro Lanfranchi?,12/27
What is the full name of the person with ID 24?,Gioacchino Mondadori Golden
Can you tell me the email address of Gioacchino Mondadori Golden?,mariana26@example.com
What is the address of Gioacchino Mondadori Golden?,"Canale Ruggero, 699 Appartamento 59, 80034, Lausdomini (NA)"
What is the phone number for Gioacchino Mondadori Golden?,076105419
What is the ip address for Gioacchino Mondadori Golden?,207.161.125.119
What is the IBAN for Gioacchino Mondadori Golden?,GB63MRMB91332643741273
What is the credit card number for Gioacchino Mondadori Golden?,4340574701846490
What is the CVV or Card Validation Value or Card Verification Value for the credit card 4340574701846490 of Gioacchino Mondadori Golden?,922
What is the expiration date for the credit card 4340574701846490 of Gioacchino Mondadori Golden?,10/29
What is the full name of the person with ID 25?,Jaime Chavez Williams
Can you tell me the email address of Jaime Chavez Williams?,jonesgabrielle@example.com
What is the address of Jaime Chavez Williams?,"Vicolo Benedetti, 6 Piano 0, 10037, Torrazza Piemonte (TO)"
What is the phone number for Jaime Chavez Williams?,(766)681-5403
What is the ip address for Jaime Chavez Williams?,82.222.210.50
What is the IBAN for Jaime Chavez Williams?,GB97HEUM34984788341220
What is the credit card number for Jaime Chavez Williams?,4708855147865111
What is the CVV or Card Validation Value or Card Verification Value for the credit card 4708855147865111 of Jaime Chavez Williams?,958
What is the expiration date for the credit card 4708855147865111 of Jaime Chavez Williams?,03/29
What is the full name of the person with ID 26?,Orlando Borzomì Davidson
Can you tell me the email address of Orlando Borzomì Davidson?,ippazioforza@example.com
What is the address of Orlando Borzomì Davidson?,"Incrocio Matteo, 0, 63833, Piane Di Montegiorgio (FM)"
What is the phone number for Orlando Borzomì Davidson?,(787)384-5109x986
What is the ip address for Orlando Borzomì Davidson?,42.178.210.229
What is the IBAN for Orlando Borzomì Davidson?,GB83LMIF29953643078500
What is the credit card number for Orlando Borzomì Davidson?,3568292085706324
What is the CVV or Card Validation Value or Card Verification Value for the credit card 3568292085706324 of Orlando Borzomì Davidson?,233
What is the expiration date for the credit card 3568292085706324 of Orlando Borzomì Davidson?,08/33
What is the full name of the person with ID 27?,Ronnie Scott Carroll
Can you tell me the email address of Ronnie Scott Carroll?,wernermatthew@example.com
What is the address of Ronnie Scott Carroll?,"Unit 3965 Box 7065, DPO AE 63788"
What is the phone number for Ronnie Scott Carroll?,+39 09416077326
What is the ip address for Ronnie Scott Carroll?,57.54.153.190
What is the IBAN for Ronnie Scott Carroll?,IT87O6497289952277784815127
What is the credit card number for Ronnie Scott Carroll?,379048412841282
What is the CVV or Card Validation Value or Card Verification Value for the credit card 379048412841282 of Ronnie Scott Carroll?,755
What is the expiration date for the credit card 379048412841282 of Ronnie Scott Carroll?,10/33
What is the full name of the person with ID 28?,Mark Rhodes Scaduto
Can you tell me the email address of Mark Rhodes Scaduto?,xcipolla@example.com
What is the address of Mark Rhodes Scaduto?,"Strada Boccioni, 292, 02010, Cittareale (RI)"
What is the phone number for Mark Rhodes Scaduto?,001-627-636-1665x4407
What is the ip address for Mark Rhodes Scaduto?,200.92.65.124
What is the IBAN for Mark Rhodes Scaduto?,GB76WDLE74437030541598
What is the credit card number for Mark Rhodes Scaduto?,4201115844607031
What is the CVV or Card Validation Value or Card Verification Value for the credit card 4201115844607031 of Mark Rhodes Scaduto?,970
What is the expiration date for the credit card 4201115844607031 of Mark Rhodes Scaduto?,05/33
What is the full name of the person with ID 29?,Giacomo Pisano Trombetta
Can you tell me the email address of Giacomo Pisano Trombetta?,filippa40@example.org
What is the address of Giacomo Pisano Trombetta?,"Piazza Vittoria, 918 Appartamento 33, 80042, Boscotrecase (NA)"
What is the phone number for Giacomo Pisano Trombetta?,+1-431-433-2628
What is the ip address for Giacomo Pisano Trombetta?,192.48.175.69
What is the IBAN for Giacomo Pisano Trombetta?,IT80Z4738879849245472508494
What is the credit card number for Giacomo Pisano Trombetta?,3570230524060917
What is the CVV or Card Validation Value or Card Verification Value for the credit card 3570230524060917 of Giacomo Pisano Trombetta?,17
What is the expiration date for the credit card 3570230524060917 of Giacomo Pisano Trombetta?,02/29
What is the full name of the person with ID 30?,Dawn Tran Casaleggio
Can you tell me the email address of Dawn Tran Casaleggio?,adamsjames@example.net
What is the address of Dawn Tran Casaleggio?,"Vicolo Anguillara, 29, 65125, Pescara Colli (PE)"
What is the phone number for Dawn Tran Casaleggio?,+39 03964698876
What is the ip address for Dawn Tran Casaleggio?,173.100.28.143
What is the IBAN for Dawn Tran Casaleggio?,GB50KQRC67704452446901
What is the credit card number for Dawn Tran Casaleggio?,4215865722276
What is the CVV or Card Validation Value or Card Verification Value for the credit card 4215865722276 of Dawn Tran Casaleggio?,87
What is the expiration date for the credit card 4215865722276 of Dawn Tran Casaleggio?,05/32
What is the full name of the person with ID 31?,Sandra Howell Leach
Can you tell me the email address of Sandra Howell Leach?,christymann@example.com
What is the address of Sandra Howell Leach?,"234 Green Stream Apt. 835, New Lindseyville, VT 15915"
What is the phone number for Sandra Howell Leach?,+39 0974477570
What is the ip address for Sandra Howell Leach?,143.4.237.243
What is the IBAN for Sandra Howell Leach?,IT69C6600856529061093108965
What is the credit card number for Sandra Howell Leach?,3589868538043269
What is the CVV or Card Validation Value or Card Verification Value for the credit card 3589868538043269 of Sandra Howell Leach?,640
What is the expiration date for the credit card 3589868538043269 of Sandra Howell Leach?,04/30
What is the full name of the person with ID 32?,Courtney Kemp Mahoney
Can you tell me the email address of Courtney Kemp Mahoney?,xscarfoglio@example.net
What is the address of Courtney Kemp Mahoney?,"Piazza Benvenuto, 96 Piano 3, 06084, Passaggio (PG)"
What is the phone number for Courtney Kemp Mahoney?,(996)924-0919x674
What is the ip address for Courtney Kemp Mahoney?,184.213.255.11
What is the IBAN for Courtney Kemp Mahoney?,IT12Q0307105866776807695067
What is the credit card number for Courtney Kemp Mahoney?,4241983534063555
What is the CVV or Card Validation Value or Card Verification Value for the credit card 4241983534063555 of Courtney Kemp Mahoney?,929
What is the expiration date for the credit card 4241983534063555 of Courtney Kemp Mahoney?,04/29
What is the full name of the person with ID 33?,Sean Rivera Thomas
Can you tell me the email address of Sean Rivera Thomas?,matthewsmith@example.net
What is the address of Sean Rivera Thomas?,"4149 Paul Unions, Smithton, AS 81639"
What is the phone number for Sean Rivera Thomas?,+39 057457697
What is the ip address for Sean Rivera Thomas?,204.86.174.41
What is the IBAN for Sean Rivera Thomas?,IT82Y5153220655490238639550
What is the credit card number for Sean Rivera Thomas?,2246864874375768
What is the CVV or Card Validation Value or Card Verification Value for the credit card 2246864874375768 of Sean Rivera Thomas?,45
What is the expiration date for the credit card 2246864874375768 of Sean Rivera Thomas?,04/25
What is the full name of the person with ID 34?,April Krueger Giunti
Can you tell me the email address of April Krueger Giunti?,greenkristine@example.com
What is the address of April Krueger Giunti?,"22143 Vaughn Rue Apt. 412, Sharonburgh, DE 29873"
What is the phone number for April Krueger Giunti?,505-613-2382x525
What is the ip address for April Krueger Giunti?,113.114.58.163
What is the IBAN for April Krueger Giunti?,IT16R7180536643629032168948
What is the credit card number for April Krueger Giunti?,3547048838914623
What is the CVV or Card Validation Value or Card Verification Value for the credit card 3547048838914623 of April Krueger Giunti?,837
What is the expiration date for the credit card 3547048838914623 of April Krueger Giunti?,05/32
What is the full name of the person with ID 35?,Alfredo Cavanna Antonioni
Can you tell me the email address of Alfredo Cavanna Antonioni?,christopherwright@example.org
What is the address of Alfredo Cavanna Antonioni?,"Contrada Melissa, 89 Appartamento 21, 89063, Caredia (RC)"
What is the phone number for Alfredo Cavanna Antonioni?,0578995714
What is the ip address for Alfredo Cavanna Antonioni?,109.241.166.243
What is the IBAN for Alfredo Cavanna Antonioni?,GB35INNU13011186377599
What is the credit card number for Alfredo Cavanna Antonioni?,4795053936590116
What is the CVV or Card Validation Value or Card Verification Value for the credit card 4795053936590116 of Alfredo Cavanna Antonioni?,171
What is the expiration date for the credit card 4795053936590116 of Alfredo Cavanna Antonioni?,06/27
What is the full name of the person with ID 36?,Brandi Mayer Gangemi
Can you tell me the email address of Brandi Mayer Gangemi?,kroman@example.net
What is the address of Brandi Mayer Gangemi?,"Viale Sauro, 33, 17019, Casanova (SV)"
What is the phone number for Brandi Mayer Gangemi?,3501000316
What is the ip address for Brandi Mayer Gangemi?,151.2.4.225
What is the IBAN for Brandi Mayer Gangemi?,IT76H4580983071749588312087
What is the credit card number for Brandi Mayer Gangemi?,3590437935903033
What is the CVV or Card Validation Value or Card Verification Value for the credit card 3590437935903033 of Brandi Mayer Gangemi?,543
What is the expiration date for the credit card 3590437935903033 of Brandi Mayer Gangemi?,08/31
What is the full name of the person with ID 37?,Margherita Orengo Gordon
Can you tell me the email address of Margherita Orengo Gordon?,hartjennifer@example.org
What is the address of Margherita Orengo Gordon?,"Canale Giovanna, 0 Appartamento 2, 10088, Volpiano (TO)"
What is the phone number for Margherita Orengo Gordon?,890-403-6063
What is the ip address for Margherita Orengo Gordon?,95.28.105.0
What is the IBAN for Margherita Orengo Gordon?,GB12HFNP34064076214960
What is the credit card number for Margherita Orengo Gordon?,3518311140204199
What is the CVV or Card Validation Value or Card Verification Value for the credit card 3518311140204199 of Margherita Orengo Gordon?,488
What is the expiration date for the credit card 3518311140204199 of Margherita Orengo Gordon?,01/32
What is the full name of the person with ID 38?,Wanda Walton Piovani
Can you tell me the email address of Wanda Walton Piovani?,wilsonkathryn@example.com
What is the address of Wanda Walton Piovani?,"Contrada Surian, 970 Appartamento 73, 23841, Annone Di Brianza (LC)"
What is the phone number for Wanda Walton Piovani?,001-296-803-3628x40279
What is the ip address for Wanda Walton Piovani?,18.196.203.124
What is the IBAN for Wanda Walton Piovani?,IT57P2177011777775163257522
What is the credit card number for Wanda Walton Piovani?,3589015416770510
What is the CVV or Card Validation Value or Card Verification Value for the credit card 3589015416770510 of Wanda Walton Piovani?,384
What is the expiration date for the credit card 3589015416770510 of Wanda Walton Piovani?,09/32
What is the full name of the person with ID 39?,Samuel Lambert Manolesso
Can you tell me the email address of Samuel Lambert Manolesso?,geronimopuglisi@example.net
What is the address of Samuel Lambert Manolesso?,"Strada Capuana, 87 Appartamento 4, 10014, Vallo (TO)"
What is the phone number for Samuel Lambert Manolesso?,37103944635
What is the ip address for Samuel Lambert Manolesso?,33.123.22.185
What is the IBAN for Samuel Lambert Manolesso?,GB14ICGU87803633973110
What is the credit card number for Samuel Lambert Manolesso?,180060963654534
What is the CVV or Card Validation Value or Card Verification Value for the credit card 180060963654534 of Samuel Lambert Manolesso?,682
What is the expiration date for the credit card 180060963654534 of Samuel Lambert Manolesso?,04/30
What is the full name of the person with ID 40?,Dott. Armando Murri Hunter
Can you tell me the email address of Dott. Armando Murri Hunter?,dfrench@example.org
What is the address of Dott. Armando Murri Hunter?,"Stretto Ciampi, 27, 63846, Monte Giberto (FM)"
What is the phone number for Dott. Armando Murri Hunter?,512-370-3296
What is the ip address for Dott. Armando Murri Hunter?,129.80.4.249
What is the IBAN for Dott. Armando Murri Hunter?,GB38XBMP09436745590711
What is the credit card number for Dott. Armando Murri Hunter?,502008610839
What is the CVV or Card Validation Value or Card Verification Value for the credit card 502008610839 of Dott. Armando Murri Hunter?,102
What is the expiration date for the credit card 502008610839 of Dott. Armando Murri Hunter?,09/34
What is the full name of the person with ID 41?,Eva Trentini Gray
Can you tell me the email address of Eva Trentini Gray?,dina93@example.com
What is the address of Eva Trentini Gray?,"747 Crawford Knoll Suite 273, Gutierrezton, PW 41822"
What is the phone number for Eva Trentini Gray?,+1-818-406-4476
What is the ip address for Eva Trentini Gray?,116.236.241.211
What is the IBAN for Eva Trentini Gray?,IT40X2421333555641582615705
What is the credit card number for Eva Trentini Gray?,3586665456105051
What is the CVV or Card Validation Value or Card Verification Value for the credit card 3586665456105051 of Eva Trentini Gray?,700
What is the expiration date for the credit card 3586665456105051 of Eva Trentini Gray?,04/28
What is the full name of the person with ID 42?,Nicola Baglioni Clarke
Can you tell me the email address of Nicola Baglioni Clarke?,germanafantini@example.com
What is the address of Nicola Baglioni Clarke?,"20969 Tran Stravenue Suite 806, East Laura, AZ 92897"
What is the phone number for Nicola Baglioni Clarke?,001-990-258-7427x197
What is the ip address for Nicola Baglioni Clarke?,200.1.107.239
What is the IBAN for Nicola Baglioni Clarke?,IT43R3516884966492307779014
What is the credit card number for Nicola Baglioni Clarke?,213186247478662
What is the CVV or Card Validation Value or Card Verification Value for the credit card 213186247478662 of Nicola Baglioni Clarke?,356
What is the expiration date for the credit card 213186247478662 of Nicola Baglioni Clarke?,08/30
What is the full name of the person with ID 43?,Mary Kane PhD Salieri
Can you tell me the email address of Mary Kane PhD Salieri?,medicigirolamo@example.net
What is the address of Mary Kane PhD Salieri?,"52569 Johnson Run, Port Joannburgh, WY 26493"
What is the phone number for Mary Kane PhD Salieri?,3511165308
What is the ip address for Mary Kane PhD Salieri?,191.254.12.8
What is the IBAN for Mary Kane PhD Salieri?,GB42LOKV69532921600682
What is the credit card number for Mary Kane PhD Salieri?,4768259880831725990
What is the CVV or Card Validation Value or Card Verification Value for the credit card 4768259880831725990 of Mary Kane PhD Salieri?,762
What is the expiration date for the credit card 4768259880831725990 of Mary Kane PhD Salieri?,04/31
What is the full name of the person with ID 44?,Victor Hansen Larsen
Can you tell me the email address of Victor Hansen Larsen?,uovadia@example.com
What is the address of Victor Hansen Larsen?,"USNV Perkins, FPO AA 78660"
What is the phone number for Victor Hansen Larsen?,968.839.3527x33131
What is the ip address for Victor Hansen Larsen?,201.78.123.122
What is the IBAN for Victor Hansen Larsen?,GB94MPGB80386666541963
What is the credit card number for Victor Hansen Larsen?,4179266490910126
What is the CVV or Card Validation Value or Card Verification Value for the credit card 4179266490910126 of Victor Hansen Larsen?,389
What is the expiration date for the credit card 4179266490910126 of Victor Hansen Larsen?,10/32
What is the full name of the person with ID 45?,Pietro Fo Gemito
Can you tell me the email address of Pietro Fo Gemito?,domenico71@example.com
What is the address of Pietro Fo Gemito?,"Borgo Accardo, 518 Appartamento 6, 56034, Casciana Terme (PI)"
What is the phone number for Pietro Fo Gemito?,03760071301
What is the ip address for Pietro Fo Gemito?,199.93.208.208
What is the IBAN for Pietro Fo Gemito?,GB42MQJB96223797587867
What is the credit card number for Pietro Fo Gemito?,4327707594043083
What is the CVV or Card Validation Value or Card Verification Value for the credit card 4327707594043083 of Pietro Fo Gemito?,447
What is the expiration date for the credit card 4327707594043083 of Pietro Fo Gemito?,11/31
What is the full name of the person with ID 46?,Ugolino Campanella Reid
Can you tell me the email address of Ugolino Campanella Reid?,robertoniggli@example.net
What is the address of Ugolino Campanella Reid?,"Viale Troisi, 40 Piano 5, 00024, Castel Madama (RM)"
What is the phone number for Ugolino Campanella Reid?,+39 3783360150
What is the ip address for Ugolino Campanella Reid?,192.227.6.9
What is the IBAN for Ugolino Campanella Reid?,GB58FBVV46703275679366
What is the credit card number for Ugolino Campanella Reid?,4653434221562
What is the CVV or Card Validation Value or Card Verification Value for the credit card 4653434221562 of Ugolino Campanella Reid?,140
What is the expiration date for the credit card 4653434221562 of Ugolino Campanella Reid?,01/27
What is the full name of the person with ID 47?,Teresa Orsini Serao
Can you tell me the email address of Teresa Orsini Serao?,qhowe@example.net
What is the address of Teresa Orsini Serao?,"Viale Norbiato, 7, 10042, Stupinigi (TO)"
What is the phone number for Teresa Orsini Serao?,694.686.2961
What is the ip address for Teresa Orsini Serao?,49.165.5.233
What is the IBAN for Teresa Orsini Serao?,IT67K8107677168334704809010
What is the credit card number for Teresa Orsini Serao?,3550679091210715
What is the CVV or Card Validation Value or Card Verification Value for the credit card 3550679091210715 of Teresa Orsini Serao?,8190
What is the expiration date for the credit card 3550679091210715 of Teresa Orsini Serao?,01/30
What is the full name of the person with ID 48?,Romeo Corcos Santorio
Can you tell me the email address of Romeo Corcos Santorio?,bacosifederica@example.net
What is the address of Romeo Corcos Santorio?,"Contrada Eva, 616 Piano 1, 21100, Masnago (VA)"
What is the phone number for Romeo Corcos Santorio?,+39 0411878742
What is the ip address for Romeo Corcos Santorio?,182.109.113.248
What is the IBAN for Romeo Corcos Santorio?,IT25L4436827026845971215559
What is the credit card number for Romeo Corcos Santorio?,370392703671373
What is the CVV or Card Validation Value or Card Verification Value for the credit card 370392703671373 of Romeo Corcos Santorio?,5
What is the expiration date for the credit card 370392703671373 of Romeo Corcos Santorio?,01/26
What is the full name of the person with ID 49?,Nichole Elliott MD Hawkins
Can you tell me the email address of Nichole Elliott MD Hawkins?,ascamarcio@example.com
What is the address of Nichole Elliott MD Hawkins?,"Piazza Giuliana, 19 Appartamento 35, 48012, Glorie (RA)"
What is the phone number for Nichole Elliott MD Hawkins?,075048271
What is the ip address for Nichole Elliott MD Hawkins?,74.170.17.206
What is the IBAN for Nichole Elliott MD Hawkins?,IT63O4132797596879794561612
What is the credit card number for Nichole Elliott MD Hawkins?,4543632224210050
What is the CVV or Card Validation Value or Card Verification Value for the credit card 4543632224210050 of Nichole Elliott MD Hawkins?,283
What is the expiration date for the credit card 4543632224210050 of Nichole Elliott MD Hawkins?,09/29
What is the full name of the person with ID 50?,Alexander Smith Morris
Can you tell me the email address of Alexander Smith Morris?,kbonomo@example.org
What is the address of Alexander Smith Morris?,"63539 Scott Extension, Michellebury, WY 56091"
What is the phone number for Alexander Smith Morris?,+39 014158027
What is the ip address for Alexander Smith Morris?,55.11.245.231
What is the IBAN for Alexander Smith Morris?,GB03FYQH30877063542617
What is the credit card number for Alexander Smith Morris?,4332082065666603
What is the CVV or Card Validation Value or Card Verification Value for the credit card 4332082065666603 of Alexander Smith Morris?,565
What is the expiration date for the credit card 4332082065666603 of Alexander Smith Morris?,11/32
What is the full name of the person with ID 51?,Anna Perez Armellini
Can you tell me the email address of Anna Perez Armellini?,gtaccola@example.org
What is the address of Anna Perez Armellini?,"Viale Orlando, 62, 42045, Luzzara (RE)"
What is the phone number for Anna Perez Armellini?,057487222
What is the ip address for Anna Perez Armellini?,161.249.23.131
What is the IBAN for Anna Perez Armellini?,GB13OOZL24168024691034
What is the credit card number for Anna Perez Armellini?,639041563185
What is the CVV or Card Validation Value or Card Verification Value for the credit card 639041563185 of Anna Perez Armellini?,653
What is the expiration date for the credit card 639041563185 of Anna Perez Armellini?,12/33
What is the full name of the person with ID 52?,Frederick Dunn Detti
Can you tell me the email address of Frederick Dunn Detti?,melinasperi@example.com
What is the address of Frederick Dunn Detti?,"Rotonda Alboni, 1, 20872, Colnago (MB)"
What is the phone number for Frederick Dunn Detti?,073603251
What is the ip address for Frederick Dunn Detti?,221.222.133.26
What is the IBAN for Frederick Dunn Detti?,IT42M2795811421562353628321
What is the credit card number for Frederick Dunn Detti?,2229991585501357
What is the CVV or Card Validation Value or Card Verification Value for the credit card 2229991585501357 of Frederick Dunn Detti?,557
What is the expiration date for the credit card 2229991585501357 of Frederick Dunn Detti?,01/32
What is the full name of the person with ID 53?,Antonella Pizzamano Guidone
Can you tell me the email address of Antonella Pizzamano Guidone?,bsmith@example.org
What is the address of Antonella Pizzamano Guidone?,"020 Curtis Stravenue Apt. 144, Jenningsstad, WV 88773"
What is the phone number for Antonella Pizzamano Guidone?,+39 35121150780
What is the ip address for Antonella Pizzamano Guidone?,207.205.188.57
What is the IBAN for Antonella Pizzamano Guidone?,GB48CXPM11992402614286
What is the credit card number for Antonella Pizzamano Guidone?,180091700892749
What is the CVV or Card Validation Value or Card Verification Value for the credit card 180091700892749 of Antonella Pizzamano Guidone?,471
What is the expiration date for the credit card 180091700892749 of Antonella Pizzamano Guidone?,04/33
What is the full name of the person with ID 54?,Brian Miller Leone
Can you tell me the email address of Brian Miller Leone?,bruno07@example.net
What is the address of Brian Miller Leone?,"727 Ricardo Point, Port James, NY 09696"
What is the phone number for Brian Miller Leone?,331154780
What is the ip address for Brian Miller Leone?,106.49.22.44
What is the IBAN for Brian Miller Leone?,GB80QXII78362200603781
What is the credit card number for Brian Miller Leone?,3597761121762025
What is the CVV or Card Validation Value or Card Verification Value for the credit card 3597761121762025 of Brian Miller Leone?,992
What is the expiration date for the credit card 3597761121762025 of Brian Miller Leone?,01/29
What is the full name of the person with ID 55?,Christina Moran Giannotti
Can you tell me the email address of Christina Moran Giannotti?,lodovicobramante@example.org
What is the address of Christina Moran Giannotti?,"Borgo Pisano, 144 Appartamento 5, 23876, Monticello Brianza (LC)"
What is the phone number for Christina Moran Giannotti?,096383719
What is the ip address for Christina Moran Giannotti?,193.223.199.195
What is the IBAN for Christina Moran Giannotti?,GB93OUZP92740008803590
What is the credit card number for Christina Moran Giannotti?,213182941590480
What is the CVV or Card Validation Value or Card Verification Value for the credit card 213182941590480 of Christina Moran Giannotti?,132
What is the expiration date for the credit card 213182941590480 of Christina Moran Giannotti?,04/33
What is the full name of the person with ID 56?,Jason Walker Bartoli
Can you tell me the email address of Jason Walker Bartoli?,anavarro@example.org
What is the address of Jason Walker Bartoli?,"665 Gray Prairie, West Stacyhaven, PW 51435"
What is the phone number for Jason Walker Bartoli?,04614066459
What is the ip address for Jason Walker Bartoli?,53.70.171.167
What is the IBAN for Jason Walker Bartoli?,GB13ISWB17274773511312
What is the credit card number for Jason Walker Bartoli?,501884933844
What is the CVV or Card Validation Value or Card Verification Value for the credit card 501884933844 of Jason Walker Bartoli?,989
What is the expiration date for the credit card 501884933844 of Jason Walker Bartoli?,08/25
What is the full name of the person with ID 57?,Dr. Raymond Zamora Marquez
Can you tell me the email address of Dr. Raymond Zamora Marquez?,dakotawhite@example.com
What is the address of Dr. Raymond Zamora Marquez?,"9908 Armstrong Pass Suite 176, Palmertown, MD 20355"
What is the phone number for Dr. Raymond Zamora Marquez?,+1-505-675-4480x89681
What is the ip address for Dr. Raymond Zamora Marquez?,221.213.141.147
What is the IBAN for Dr. Raymond Zamora Marquez?,IT42F3342226903533580904561
What is the credit card number for Dr. Raymond Zamora Marquez?,6011607745841409
What is the CVV or Card Validation Value or Card Verification Value for the credit card 6011607745841409 of Dr. Raymond Zamora Marquez?,6465
What is the expiration date for the credit card 6011607745841409 of Dr. Raymond Zamora Marquez?,05/27
What is the full name of the person with ID 58?,Stephen Graves Ward
Can you tell me the email address of Stephen Graves Ward?,donatellodulbecco@example.com
What is the address of Stephen Graves Ward?,"2138 Taylor Plaza Suite 184, East Thomas, MT 38921"
What is the phone number for Stephen Graves Ward?,+39 042140279
What is the ip address for Stephen Graves Ward?,222.75.44.149
What is the IBAN for Stephen Graves Ward?,GB65HPVK16133090146265
What is the credit card number for Stephen Graves Ward?,573450398827
What is the CVV or Card Validation Value or Card Verification Value for the credit card 573450398827 of Stephen Graves Ward?,445
What is the expiration date for the credit card 573450398827 of Stephen Graves Ward?,06/33
What is the full name of the person with ID 59?,Graziella Nievo Smith
Can you tell me the email address of Graziella Nievo Smith?,chiappettamichela@example.org
What is the address of Graziella Nievo Smith?,"Unit 8076 Box 0043, DPO AP 09204"
What is the phone number for Graziella Nievo Smith?,012361520
What is the ip address for Graziella Nievo Smith?,193.80.105.149
What is the IBAN for Graziella Nievo Smith?,IT38P1971090742302523188799
What is the credit card number for Graziella Nievo Smith?,3596063606017061
What is the CVV or Card Validation Value or Card Verification Value for the credit card 3596063606017061 of Graziella Nievo Smith?,702
What is the expiration date for the credit card 3596063606017061 of Graziella Nievo Smith?,06/31
What is the full name of the person with ID 60?,Felicia Crawford Cibin
Can you tell me the email address of Felicia Crawford Cibin?,ralexander@example.org
What is the address of Felicia Crawford Cibin?,"Unit 8774 Box 7623, DPO AE 45883"
What is the phone number for Felicia Crawford Cibin?,05475057555
What is the ip address for Felicia Crawford Cibin?,207.157.222.165
What is the IBAN for Felicia Crawford Cibin?,GB76WGQO27804579199902
What is the credit card number for Felicia Crawford Cibin?,3594857018119817
What is the CVV or Card Validation Value or Card Verification Value for the credit card 3594857018119817 of Felicia Crawford Cibin?,423
What is the expiration date for the credit card 3594857018119817 of Felicia Crawford Cibin?,06/27
What is the full name of the person with ID 61?,Olivia Farley Petersen
Can you tell me the email address of Olivia Farley Petersen?,rolando16@example.com
What is the address of Olivia Farley Petersen?,"Incrocio Gioachino, 345, 87022, San Filippo (CS)"
What is the phone number for Olivia Farley Petersen?,001-317-884-0493
What is the ip address for Olivia Farley Petersen?,149.111.144.208
What is the IBAN for Olivia Farley Petersen?,IT28A0271513072526895157621
What is the credit card number for Olivia Farley Petersen?,3535316365786852
What is the CVV or Card Validation Value or Card Verification Value for the credit card 3535316365786852 of Olivia Farley Petersen?,539
What is the expiration date for the credit card 3535316365786852 of Olivia Farley Petersen?,11/30
What is the full name of the person with ID 62?,Antonietta Modugno Caetani
Can you tell me the email address of Antonietta Modugno Caetani?,gilbertopezzali@example.com
What is the address of Antonietta Modugno Caetani?,"Viale Altera, 791 Piano 5, 24016, Santa Croce (BG)"
What is the phone number for Antonietta Modugno Caetani?,3539448722
What is the ip address for Antonietta Modugno Caetani?,178.162.77.246
What is the IBAN for Antonietta Modugno Caetani?,IT40Q2071226783343484473967
What is the credit card number for Antonietta Modugno Caetani?,180055773729120
What is the CVV or Card Validation Value or Card Verification Value for the credit card 180055773729120 of Antonietta Modugno Caetani?,143
What is the expiration date for the credit card 180055773729120 of Antonietta Modugno Caetani?,09/31
What is the full name of the person with ID 63?,Danielle Waller Canil
Can you tell me the email address of Danielle Waller Canil?,zminiati@example.com
What is the address of Danielle Waller Canil?,"55835 Sheri Creek Apt. 670, Andrewside, WV 15760"
What is the phone number for Danielle Waller Canil?,3431198444
What is the ip address for Danielle Waller Canil?,30.68.185.187
What is the IBAN for Danielle Waller Canil?,IT36K9019323702958814601682
What is the credit card number for Danielle Waller Canil?,4215209485647184
What is the CVV or Card Validation Value or Card Verification Value for the credit card 4215209485647184 of Danielle Waller Canil?,1198
What is the expiration date for the credit card 4215209485647184 of Danielle Waller Canil?,11/25
What is the full name of the person with ID 64?,Amy Fields Gonzalez
Can you tell me the email address of Amy Fields Gonzalez?,waltertaylor@example.com
What is the address of Amy Fields Gonzalez?,"965 Catherine Course, Weeksville, VA 05355"
What is the phone number for Amy Fields Gonzalez?,0341781347
What is the ip address for Amy Fields Gonzalez?,220.73.246.13
What is the IBAN for Amy Fields Gonzalez?,GB97MLDC83513699152434
What is the credit card number for Amy Fields Gonzalez?,6501287252132638
What is the CVV or Card Validation Value or Card Verification Value for the credit card 6501287252132638 of Amy Fields Gonzalez?,351
What is the expiration date for the credit card 6501287252132638 of Amy Fields Gonzalez?,02/32
What is the full name of the person with ID 65?,Brian Robertson Donati
Can you tell me the email address of Brian Robertson Donati?,mercedes85@example.org
What is the address of Brian Robertson Donati?,"25669 Herrera Oval Apt. 596, Jamesbury, FL 79935"
What is the phone number for Brian Robertson Donati?,+39 0950815048
What is the ip address for Brian Robertson Donati?,177.170.41.201
What is the IBAN for Brian Robertson Donati?,IT72Q0836506633495637531077
What is the credit card number for Brian Robertson Donati?,3504821643846490
What is the CVV or Card Validation Value or Card Verification Value for the credit card 3504821643846490 of Brian Robertson Donati?,842
What is the expiration date for the credit card 3504821643846490 of Brian Robertson Donati?,01/28
What is the full name of the person with ID 66?,Ryan Ellison Crosby
Can you tell me the email address of Ryan Ellison Crosby?,flloyd@example.net
What is the address of Ryan Ellison Crosby?,"Vicolo Sebastiano, 29 Piano 0, 25035, Ospitaletto (BS)"
What is the phone number for Ryan Ellison Crosby?,430.954.1474x3173
What is the ip address for Ryan Ellison Crosby?,22.215.73.13
What is the IBAN for Ryan Ellison Crosby?,IT27U5248821323677061840739
What is the credit card number for Ryan Ellison Crosby?,4613100598293040
What is the CVV or Card Validation Value or Card Verification Value for the credit card 4613100598293040 of Ryan Ellison Crosby?,12
What is the expiration date for the credit card 4613100598293040 of Ryan Ellison Crosby?,07/27
What is the full name of the person with ID 67?,Jillian Horton Perkins
Can you tell me the email address of Jillian Horton Perkins?,stewartmelissa@example.org
What is the address of Jillian Horton Perkins?,"Incrocio Cesaroni, 470 Piano 8, 56124, Pisa (PI)"
What is the phone number for Jillian Horton Perkins?,+39 0861593088
What is the ip address for Jillian Horton Perkins?,86.198.241.80
What is the IBAN for Jillian Horton Perkins?,IT26C5027632312122951326324
What is the credit card number for Jillian Horton Perkins?,30194837190094
What is the CVV or Card Validation Value or Card Verification Value for the credit card 30194837190094 of Jillian Horton Perkins?,39
What is the expiration date for the credit card 30194837190094 of Jillian Horton Perkins?,03/27
What is the full name of the person with ID 68?,Giampaolo Brugnaro Staglieno
Can you tell me the email address of Giampaolo Brugnaro Staglieno?,lgonzalez@example.com
What is the address of Giampaolo Brugnaro Staglieno?,"USNV Gonzalez, FPO AA 85034"
What is the phone number for Giampaolo Brugnaro Staglieno?,+1-442-422-6597x03838
What is the ip address for Giampaolo Brugnaro Staglieno?,222.176.132.225
What is the IBAN for Giampaolo Brugnaro Staglieno?,IT33D0844037750692331062532
What is the credit card number for Giampaolo Brugnaro Staglieno?,676245329013
What is the CVV or Card Validation Value or Card Verification Value for the credit card 676245329013 of Giampaolo Brugnaro Staglieno?,363
What is the expiration date for the credit card 676245329013 of Giampaolo Brugnaro Staglieno?,10/32
What is the full name of the person with ID 69?,Michael Welch Jackson
Can you tell me the email address of Michael Welch Jackson?,smithcrystal@example.com
What is the address of Michael Welch Jackson?,"Piazza Vanessa, 85 Appartamento 6, 41055, Iola (MO)"
What is the phone number for Michael Welch Jackson?,395-381-1994x82955
What is the ip address for Michael Welch Jackson?,148.198.158.2
What is the IBAN for Michael Welch Jackson?,IT31P4780449518201196927290
What is the credit card number for Michael Welch Jackson?,6011232323480999
What is the CVV or Card Validation Value or Card Verification Value for the credit card 6011232323480999 of Michael Welch Jackson?,159
What is the expiration date for the credit card 6011232323480999 of Michael Welch Jackson?,06/26
What is the full name of the person with ID 70?,Patty Mitchell Torres
Can you tell me the email address of Patty Mitchell Torres?,kramsey@example.net
What is the address of Patty Mitchell Torres?,"Canale Ivan, 2 Piano 3, 83021, Avella (AV)"
What is the phone number for Patty Mitchell Torres?,001-466-311-0950x2075
What is the ip address for Patty Mitchell Torres?,12.97.63.67
What is the IBAN for Patty Mitchell Torres?,IT61U9474155622894724075260
What is the credit card number for Patty Mitchell Torres?,4340107517670
What is the CVV or Card Validation Value or Card Verification Value for the credit card 4340107517670 of Patty Mitchell Torres?,707
What is the expiration date for the credit card 4340107517670 of Patty Mitchell Torres?,07/26
What is the full name of the person with ID 71?,Baccio Lettiere Corradi
Can you tell me the email address of Baccio Lettiere Corradi?,hgolino@example.com
What is the address of Baccio Lettiere Corradi?,"Vicolo Adelmo, 60, 84070, Stella Cilento (SA)"
What is the phone number for Baccio Lettiere Corradi?,+39 07942943928
What is the ip address for Baccio Lettiere Corradi?,209.7.161.92
What is the IBAN for Baccio Lettiere Corradi?,GB60ZIQJ02573461813263
What is the credit card number for Baccio Lettiere Corradi?,2717406252888440
What is the CVV or Card Validation Value or Card Verification Value for the credit card 2717406252888440 of Baccio Lettiere Corradi?,485
What is the expiration date for the credit card 2717406252888440 of Baccio Lettiere Corradi?,08/31
What is the full name of the person with ID 72?,Renata Ficino Cesaroni
Can you tell me the email address of Renata Ficino Cesaroni?,keithstout@example.org
What is the address of Renata Ficino Cesaroni?,"Via Biagio, 42, 70054, Giovinazzo (BA)"
What is the phone number for Renata Ficino Cesaroni?,(378)499-1443
What is the ip address for Renata Ficino Cesaroni?,210.12.189.76
What is the IBAN for Renata Ficino Cesaroni?,GB37TAVB15646781367057
What is the credit card number for Renata Ficino Cesaroni?,3583632943434208
What is the CVV or Card Validation Value or Card Verification Value for the credit card 3583632943434208 of Renata Ficino Cesaroni?,886
What is the expiration date for the credit card 3583632943434208 of Renata Ficino Cesaroni?,11/30
What is the full name of the person with ID 73?,Brenda Stephens Dallara
Can you tell me the email address of Brenda Stephens Dallara?,liliana64@example.org
What is the address of Brenda Stephens Dallara?,"3625 Gutierrez Oval, West Johnmouth, IL 31495"
What is the phone number for Brenda Stephens Dallara?,743.229.6828x938
What is the ip address for Brenda Stephens Dallara?,4.70.121.161
What is the IBAN for Brenda Stephens Dallara?,GB55RIVT85910648250016
What is the credit card number for Brenda Stephens Dallara?,6011817752967274
What is the CVV or Card Validation Value or Card Verification Value for the credit card 6011817752967274 of Brenda Stephens Dallara?,222
What is the expiration date for the credit card 6011817752967274 of Brenda Stephens Dallara?,09/29
What is the full name of the person with ID 74?,Adriana Sagredo Alvarado
Can you tell me the email address of Adriana Sagredo Alvarado?,irmafogazzaro@example.org
What is the address of Adriana Sagredo Alvarado?,"Unit 5567 Box 1300, DPO AE 28037"
What is the phone number for Adriana Sagredo Alvarado?,0123909949
What is the ip address for Adriana Sagredo Alvarado?,48.134.83.60
What is the IBAN for Adriana Sagredo Alvarado?,IT18J1927658568204279841908
What is the credit card number for Adriana Sagredo Alvarado?,6542006664981452
What is the CVV or Card Validation Value or Card Verification Value for the credit card 6542006664981452 of Adriana Sagredo Alvarado?,922
What is the expiration date for the credit card 6542006664981452 of Adriana Sagredo Alvarado?,10/29
What is the full name of the person with ID 75?,Dott. Marcantonio Armellini Brown
Can you tell me the email address of Dott. Marcantonio Armellini Brown?,boezioviridiana@example.net
What is the address of Dott. Marcantonio Armellini Brown?,"Via Priscilla, 783 Piano 5, 09034, Villasor (CA)"
What is the phone number for Dott. Marcantonio Armellini Brown?,446-376-6854
What is the ip address for Dott. Marcantonio Armellini Brown?,211.21.133.68
What is the IBAN for Dott. Marcantonio Armellini Brown?,IT53T8606163246510647969531
What is the credit card number for Dott. Marcantonio Armellini Brown?,4623698921009
What is the CVV or Card Validation Value or Card Verification Value for the credit card 4623698921009 of Dott. Marcantonio Armellini Brown?,800
What is the expiration date for the credit card 4623698921009 of Dott. Marcantonio Armellini Brown?,08/28
What is the full name of the person with ID 76?,Nicole Newman Rossetti
Can you tell me the email address of Nicole Newman Rossetti?,csaragat@example.com
What is the address of Nicole Newman Rossetti?,"5088 Moyer Ways Apt. 546, Smithfurt, RI 19670"
What is the phone number for Nicole Newman Rossetti?,244-823-0697x376
What is the ip address for Nicole Newman Rossetti?,76.198.18.152
What is the IBAN for Nicole Newman Rossetti?,GB34XLOB68063246055190
What is the credit card number for Nicole Newman Rossetti?,675992372002
What is the CVV or Card Validation Value or Card Verification Value for the credit card 675992372002 of Nicole Newman Rossetti?,625
What is the expiration date for the credit card 675992372002 of Nicole Newman Rossetti?,01/28
What is the full name of the person with ID 77?,Lisa Manning Montalti
Can you tell me the email address of Lisa Manning Montalti?,aaron17@example.com
What is the address of Lisa Manning Montalti?,"Vicolo Guglielmo, 50, 14034, Castello Di Annone (AT)"
What is the phone number for Lisa Manning Montalti?,0731517464
What is the ip address for Lisa Manning Montalti?,164.134.96.193
What is the IBAN for Lisa Manning Montalti?,IT75R0016021061226013816682
What is the credit card number for Lisa Manning Montalti?,4887235477916771
What is the CVV or Card Validation Value or Card Verification Value for the credit card 4887235477916771 of Lisa Manning Montalti?,211
What is the expiration date for the credit card 4887235477916771 of Lisa Manning Montalti?,05/30
What is the full name of the person with ID 78?,Billy Davis Robertson
Can you tell me the email address of Billy Davis Robertson?,jennifer59@example.com
What is the address of Billy Davis Robertson?,"Incrocio Maurilio, 9, 63068, Patrignone (AP)"
What is the phone number for Billy Davis Robertson?,+1-284-502-1523
What is the ip address for Billy Davis Robertson?,106.229.165.187
What is the IBAN for Billy Davis Robertson?,IT37J2635999237082817339671
What is the credit card number for Billy Davis Robertson?,4895246370055872
What is the CVV or Card Validation Value or Card Verification Value for the credit card 4895246370055872 of Billy Davis Robertson?,641
What is the expiration date for the credit card 4895246370055872 of Billy Davis Robertson?,09/33
What is the full name of the person with ID 79?,Bethany Hinton Blasi
Can you tell me the email address of Bethany Hinton Blasi?,janet07@example.net
What is the address of Bethany Hinton Blasi?,"Incrocio Morricone, 9, 62010, Casette Verdini (MC)"
What is the phone number for Bethany Hinton Blasi?,+39 09421787832
What is the ip address for Bethany Hinton Blasi?,51.111.78.76
What is the IBAN for Bethany Hinton Blasi?,IT05D0674441358699950542494
What is the credit card number for Bethany Hinton Blasi?,568454205929
What is the CVV or Card Validation Value or Card Verification Value for the credit card 568454205929 of Bethany Hinton Blasi?,627
What is the expiration date for the credit card 568454205929 of Bethany Hinton Blasi?,01/26
What is the full name of the person with ID 80?,Lauren Smith Burgess
Can you tell me the email address of Lauren Smith Burgess?,zpizzo@example.org
What is the address of Lauren Smith Burgess?,"Via Paulina, 3 Appartamento 2, 87100, Donnici Superiore (CS)"
What is the phone number for Lauren Smith Burgess?,001-299-294-5922x870
What is the ip address for Lauren Smith Burgess?,116.219.46.34
What is the IBAN for Lauren Smith Burgess?,IT42W2357764335210804933898
What is the credit card number for Lauren Smith Burgess?,3567713931748922
What is the CVV or Card Validation Value or Card Verification Value for the credit card 3567713931748922 of Lauren Smith Burgess?,139
What is the expiration date for the credit card 3567713931748922 of Lauren Smith Burgess?,01/28
What is the full name of the person with ID 81?,Ryan Vance Jacobson
Can you tell me the email address of Ryan Vance Jacobson?,traettaagostino@example.net
What is the address of Ryan Vance Jacobson?,"Borgo Ornella, 2, 81049, San Pietro Infine (CE)"
What is the phone number for Ryan Vance Jacobson?,+1-957-838-8500
What is the ip address for Ryan Vance Jacobson?,180.46.162.209
What is the IBAN for Ryan Vance Jacobson?,IT25E4551755959237777511785
What is the credit card number for Ryan Vance Jacobson?,4164602410390675
What is the CVV or Card Validation Value or Card Verification Value for the credit card 4164602410390675 of Ryan Vance Jacobson?,756
What is the expiration date for the credit card 4164602410390675 of Ryan Vance Jacobson?,08/25
What is the full name of the person with ID 82?,Daria Dandolo Romero
Can you tell me the email address of Daria Dandolo Romero?,serena77@example.org
What is the address of Daria Dandolo Romero?,"330 Amanda Run Suite 366, West Joeview, OK 72860"
What is the phone number for Daria Dandolo Romero?,+39 3404187640
What is the ip address for Daria Dandolo Romero?,195.19.49.56
What is the IBAN for Daria Dandolo Romero?,GB68KVIJ92755855344281
What is the credit card number for Daria Dandolo Romero?,342766222464649
What is the CVV or Card Validation Value or Card Verification Value for the credit card 342766222464649 of Daria Dandolo Romero?,657
What is the expiration date for the credit card 342766222464649 of Daria Dandolo Romero?,06/32
What is the full name of the person with ID 83?,Bob Nelson Scott
Can you tell me the email address of Bob Nelson Scott?,coreythompson@example.com
What is the address of Bob Nelson Scott?,"Piazza Vittadello, 74 Appartamento 32, 84061, Finocchito (SA)"
What is the phone number for Bob Nelson Scott?,622.513.0380
What is the ip address for Bob Nelson Scott?,104.54.151.121
What is the IBAN for Bob Nelson Scott?,GB35RKEA05376462853483
What is the credit card number for Bob Nelson Scott?,4003850337595211530
What is the CVV or Card Validation Value or Card Verification Value for the credit card 4003850337595211530 of Bob Nelson Scott?,741
What is the expiration date for the credit card 4003850337595211530 of Bob Nelson Scott?,02/31
What is the full name of the person with ID 84?,Armando Bompiani Singh
Can you tell me the email address of Armando Bompiani Singh?,holly62@example.net
What is the address of Armando Bompiani Singh?,"Borgo Abatantuono, 2, 06064, Panicale (PG)"
What is the phone number for Armando Bompiani Singh?,4263370174
What is the ip address for Armando Bompiani Singh?,158.27.33.171
What is the IBAN for Armando Bompiani Singh?,GB05EEPC36142128274077
What is the credit card number for Armando Bompiani Singh?,4712006162495
What is the CVV or Card Validation Value or Card Verification Value for the credit card 4712006162495 of Armando Bompiani Singh?,291
What is the expiration date for the credit card 4712006162495 of Armando Bompiani Singh?,10/33
What is the full name of the person with ID 85?,Kathryn Marshall Monti
Can you tell me the email address of Kathryn Marshall Monti?,tylergreene@example.net
What is the address of Kathryn Marshall Monti?,"01898 Stanley Inlet Suite 153, Pamelaville, MS 70038"
What is the phone number for Kathryn Marshall Monti?,5952836969
What is the ip address for Kathryn Marshall Monti?,53.239.62.77
What is the IBAN for Kathryn Marshall Monti?,IT37I2550343104267630286354
What is the credit card number for Kathryn Marshall Monti?,38923185453411
What is the CVV or Card Validation Value or Card Verification Value for the credit card 38923185453411 of Kathryn Marshall Monti?,895
What is the expiration date for the credit card 38923185453411 of Kathryn Marshall Monti?,06/28
What is the full name of the person with ID 86?,Adam Mayo Canetta
Can you tell me the email address of Adam Mayo Canetta?,nrose@example.org
What is the address of Adam Mayo Canetta?,"Incrocio Scarpetta, 7, 20053, Rodano (MI)"
What is the phone number for Adam Mayo Canetta?,35122321037
What is the ip address for Adam Mayo Canetta?,104.134.51.42
What is the IBAN for Adam Mayo Canetta?,IT29J5926324676196744885793
What is the credit card number for Adam Mayo Canetta?,675940796468
What is the CVV or Card Validation Value or Card Verification Value for the credit card 675940796468 of Adam Mayo Canetta?,925
What is the expiration date for the credit card 675940796468 of Adam Mayo Canetta?,12/31
What is the full name of the person with ID 87?,Sherri Cox Griffith
Can you tell me the email address of Sherri Cox Griffith?,qjones@example.net
What is the address of Sherri Cox Griffith?,"Piazza Schiaparelli, 80, 20867, Caponago (MB)"
What is the phone number for Sherri Cox Griffith?,747-906-7924x2174
What is the ip address for Sherri Cox Griffith?,144.92.38.94
What is the IBAN for Sherri Cox Griffith?,IT55E6110916003522706249009
What is the credit card number for Sherri Cox Griffith?,3500424044466036
What is the CVV or Card Validation Value or Card Verification Value for the credit card 3500424044466036 of Sherri Cox Griffith?,68
What is the expiration date for the credit card 3500424044466036 of Sherri Cox Griffith?,08/25
What is the full name of the person with ID 88?,Angela Hunter Monteverdi
Can you tell me the email address of Angela Hunter Monteverdi?,mlancisi@example.net
What is the address of Angela Hunter Monteverdi?,"376 Cindy Union, Brownstad, GU 32526"
What is the phone number for Angela Hunter Monteverdi?,0761689207
What is the ip address for Angela Hunter Monteverdi?,76.88.28.236
What is the IBAN for Angela Hunter Monteverdi?,IT86X5100766390078013861630
What is the credit card number for Angela Hunter Monteverdi?,5272374809248148
What is the CVV or Card Validation Value or Card Verification Value for the credit card 5272374809248148 of Angela Hunter Monteverdi?,892
What is the expiration date for the credit card 5272374809248148 of Angela Hunter Monteverdi?,05/29
What is the full name of the person with ID 89?,Sig. Danilo Marzorati Mazzini
Can you tell me the email address of Sig. Danilo Marzorati Mazzini?,lzabarella@example.org
What is the address of Sig. Danilo Marzorati Mazzini?,"864 Ball Meadow, Andrewville, NY 13901"
What is the phone number for Sig. Danilo Marzorati Mazzini?,001-400-411-5640x149
What is the ip address for Sig. Danilo Marzorati Mazzini?,213.153.144.88
What is the IBAN for Sig. Danilo Marzorati Mazzini?,GB31KWAP84093009918660
What is the credit card number for Sig. Danilo Marzorati Mazzini?,502079488883
What is the CVV or Card Validation Value or Card Verification Value for the credit card 502079488883 of Sig. Danilo Marzorati Mazzini?,5266
What is the expiration date for the credit card 502079488883 of Sig. Danilo Marzorati Mazzini?,05/27
What is the full name of the person with ID 90?,James Allen Aldobrandi
Can you tell me the email address of James Allen Aldobrandi?,shannon66@example.net
What is the address of James Allen Aldobrandi?,"190 Adam Lake, Zoeville, AR 84503"
What is the phone number for James Allen Aldobrandi?,012546247
What is the ip address for James Allen Aldobrandi?,199.207.239.120
What is the IBAN for James Allen Aldobrandi?,GB98NJFJ86112572781300
What is the credit card number for James Allen Aldobrandi?,4243036963010965
What is the CVV or Card Validation Value or Card Verification Value for the credit card 4243036963010965 of James Allen Aldobrandi?,273
What is the expiration date for the credit card 4243036963010965 of James Allen Aldobrandi?,07/29
What is the full name of the person with ID 91?,Gioachino Foà Schaefer
Can you tell me the email address of Gioachino Foà Schaefer?,dino77@example.org
What is the address of Gioachino Foà Schaefer?,"264 Long Valley Apt. 572, Garciaborough, SC 44626"
What is the phone number for Gioachino Foà Schaefer?,+39 351253263
What is the ip address for Gioachino Foà Schaefer?,16.83.160.153
What is the IBAN for Gioachino Foà Schaefer?,IT95G7781109966775930266162
What is the credit card number for Gioachino Foà Schaefer?,2271893416832646
What is the CVV or Card Validation Value or Card Verification Value for the credit card 2271893416832646 of Gioachino Foà Schaefer?,985
What is the expiration date for the credit card 2271893416832646 of Gioachino Foà Schaefer?,09/29
What is the full name of the person with ID 92?,Ashley Smith Evans
Can you tell me the email address of Ashley Smith Evans?,brooksmaurice@example.com
What is the address of Ashley Smith Evans?,"563 Lopez Turnpike, North Ronald, VI 12031"
What is the phone number for Ashley Smith Evans?,621-895-2624
What is the ip address for Ashley Smith Evans?,135.127.91.64
What is the IBAN for Ashley Smith Evans?,GB02ATMZ91545839406641
What is the credit card number for Ashley Smith Evans?,2251592308423019
What is the CVV or Card Validation Value or Card Verification Value for the credit card 2251592308423019 of Ashley Smith Evans?,916
What is the expiration date for the credit card 2251592308423019 of Ashley Smith Evans?,06/25
What is the full name of the person with ID 93?,Jennifer Kidd Lippomano
Can you tell me the email address of Jennifer Kidd Lippomano?,jolandagiannetti@example.org
What is the address of Jennifer Kidd Lippomano?,"9540 Debra Flat Suite 902, Lake Melissa, GA 20301"
What is the phone number for Jennifer Kidd Lippomano?,3770332730
What is the ip address for Jennifer Kidd Lippomano?,191.193.248.253
What is the IBAN for Jennifer Kidd Lippomano?,IT65J4172679517729378921972
What is the credit card number for Jennifer Kidd Lippomano?,3564901814850146
What is the CVV or Card Validation Value or Card Verification Value for the credit card 3564901814850146 of Jennifer Kidd Lippomano?,348
What is the expiration date for the credit card 3564901814850146 of Jennifer Kidd Lippomano?,09/26
What is the full name of the person with ID 94?,Tiffany Castillo Sims
Can you tell me the email address of Tiffany Castillo Sims?,majewskiosvaldo@example.net
What is the address of Tiffany Castillo Sims?,"Canale Broschi, 80, 10068, Villafranca Piemonte (TO)"
What is the phone number for Tiffany Castillo Sims?,755-915-5815
What is the ip address for Tiffany Castillo Sims?,197.93.184.111
What is the IBAN for Tiffany Castillo Sims?,GB61ZEWA00134690564044
What is the credit card number for Tiffany Castillo Sims?,4779731118595926
What is the CVV or Card Validation Value or Card Verification Value for the credit card 4779731118595926 of Tiffany Castillo Sims?,352
What is the expiration date for the credit card 4779731118595926 of Tiffany Castillo Sims?,04/25
What is the full name of the person with ID 95?,Krystal Johnson Barbarigo
Can you tell me the email address of Krystal Johnson Barbarigo?,vittoriagabba@example.net
What is the address of Krystal Johnson Barbarigo?,"Contrada Germana, 421, 40137, Bologna (BO)"
What is the phone number for Krystal Johnson Barbarigo?,001-856-594-2192
What is the ip address for Krystal Johnson Barbarigo?,185.241.222.96
What is the IBAN for Krystal Johnson Barbarigo?,IT79J8424466527312621073151
What is the credit card number for Krystal Johnson Barbarigo?,4457900973432256
What is the CVV or Card Validation Value or Card Verification Value for the credit card 4457900973432256 of Krystal Johnson Barbarigo?,22
What is the expiration date for the credit card 4457900973432256 of Krystal Johnson Barbarigo?,06/25
What is the full name of the person with ID 96?,Dott. Rosina Grossi Gaiatto
Can you tell me the email address of Dott. Rosina Grossi Gaiatto?,flaviacurci@example.com
What is the address of Dott. Rosina Grossi Gaiatto?,"62747 Hill Extension, North Daniel, KS 53210"
What is the phone number for Dott. Rosina Grossi Gaiatto?,774.673.1266
What is the ip address for Dott. Rosina Grossi Gaiatto?,209.147.30.78
What is the IBAN for Dott. Rosina Grossi Gaiatto?,IT33I8867639133624848945435
What is the credit card number for Dott. Rosina Grossi Gaiatto?,2706374525451557
What is the CVV or Card Validation Value or Card Verification Value for the credit card 2706374525451557 of Dott. Rosina Grossi Gaiatto?,102
What is the expiration date for the credit card 2706374525451557 of Dott. Rosina Grossi Gaiatto?,07/28
What is the full name of the person with ID 97?,Sig.ra Ilaria Pulci Comolli
Can you tell me the email address of Sig.ra Ilaria Pulci Comolli?,zmiller@example.org
What is the address of Sig.ra Ilaria Pulci Comolli?,"5549 James Spring, South Phillip, MD 76510"
What is the phone number for Sig.ra Ilaria Pulci Comolli?,(472)634-1251x501
What is the ip address for Sig.ra Ilaria Pulci Comolli?,173.124.146.114
What is the IBAN for Sig.ra Ilaria Pulci Comolli?,GB34AQYG31494319974486
What is the credit card number for Sig.ra Ilaria Pulci Comolli?,345307545251129
What is the CVV or Card Validation Value or Card Verification Value for the credit card 345307545251129 of Sig.ra Ilaria Pulci Comolli?,221
What is the expiration date for the credit card 345307545251129 of Sig.ra Ilaria Pulci Comolli?,04/33
What is the full name of the person with ID 98?,Jennifer Brown Bartlett
Can you tell me the email address of Jennifer Brown Bartlett?,annamariaborromini@example.com
What is the address of Jennifer Brown Bartlett?,"322 Andrew Lock, North Steven, IN 48789"
What is the phone number for Jennifer Brown Bartlett?,32735092753
What is the ip address for Jennifer Brown Bartlett?,167.32.20.157
What is the IBAN for Jennifer Brown Bartlett?,GB26QTVL16210308938811
What is the credit card number for Jennifer Brown Bartlett?,4270359251179631
What is the CVV or Card Validation Value or Card Verification Value for the credit card 4270359251179631 of Jennifer Brown Bartlett?,684
What is the expiration date for the credit card 4270359251179631 of Jennifer Brown Bartlett?,07/26
What is the full name of the person with ID 99?,Monica Martinez King
Can you tell me the email address of Monica Martinez King?,sbrunello@example.org
What is the address of Monica Martinez King?,"52342 James Centers Apt. 097, West Elizabeth, PA 41230"
What is the phone number for Monica Martinez King?,001-570-902-6607x60754
What is the ip address for Monica Martinez King?,219.101.86.153
What is the IBAN for Monica Martinez King?,IT67W3779136867795535548767
What is the credit card number for Monica Martinez King?,3518732376747629
What is the CVV or Card Validation Value or Card Verification Value for the credit card 3518732376747629 of Monica Martinez King?,31
What is the expiration date for the credit card 3518732376747629 of Monica Martinez King?,04/27
What is the full name of the person with ID 100?,Travis Shaw Wright
Can you tell me the email address of Travis Shaw Wright?,mario50@example.org
What is the address of Travis Shaw Wright?,"Borgo Virgilio, 97, 10074, Lanzo Torinese (TO)"
What is the phone number for Travis Shaw Wright?,259.394.4835x538
What is the ip address for Travis Shaw Wright?,125.110.125.40
What is the IBAN for Travis Shaw Wright?,GB35SXVX83223999799147
What is the credit card number for Travis Shaw Wright?,2272782645625716
What is the CVV or Card Validation Value or Card Verification Value for the credit card 2272782645625716 of Travis Shaw Wright?,822
What is the expiration date for the credit card 2272782645625716 of Travis Shaw Wright?,03/29
